e3ba223bb1423f0aad8c3dfce0fe3148db48926d41e6fbc3afbbf5ff9e1c89cb	10398	other	/home/rootitanium/LICENSES/Apache-2.0.txt
9f0490f18656c6f2435bd14f603ef0c96434d1825615363dce43abb42ed1dcce	1469	other	/home/rootitanium/LICENSES/BSD-3-Clause.txt
a2010f343487d3f7618affe54f789f5487602331c0a8d03f49e9a7c547cf0499	7048	other	/home/rootitanium/LICENSES/CC0-1.0.txt
f34787ef0342c614b667186a6ec2f5d6b9d650e30142a2788a589a89743e88e9	1481	other	/home/rootitanium/LICENSES/Chromium-BSD-3-Clause.txt
110535522396708cea37c72a802c5e7e81391139f5f7985631c93ef242b206a4	22955	other	/home/rootitanium/LICENSES/GFDL-1.3-no-invariants-only.txt
8177f97513213526df2cf6184d8ff986c675afb514d4e68a404010521b880643	18092	other	/home/rootitanium/LICENSES/GPL-2.0-only.txt
8ceb4b9ee5adedde47b31e975c1d90c73ad27b6b165a1dcd80c7c545eb65b903	35147	other	/home/rootitanium/LICENSES/GPL-3.0-only.txt
0d816b54ffd9a6cf3bb78f2241c4e45f099b92d36d76c6944c184daa90f65a62	25567	other	/home/rootitanium/LICENSES/LGPL-2.0-or-later.txt
da7eabb7bafdf7d3ae5e9f223aa5bdc1eece45ac569dc21b3b037520b4464768	7651	other	/home/rootitanium/LICENSES/LGPL-3.0-only.txt
9b1f50aae6267f9d5e0ceb6775ee86450262c25ec7c0573e151fe5d3f18a4700	462	other	/home/rootitanium/LICENSES/LicenseRef-Qt-Commercial.txt
4f740497cf8ad0e564de90d3416a06c3d6b1d69d6883fe539925e3353d68a466	75	other	/home/rootitanium/LICENSES/LicenseRef-Tango-Icons-Public-Domain.txt
d040359701c01996a017d5c515678929cd1b0625e64cb86db44025fbb6cdf1fc	1111	other	/home/rootitanium/LICENSES/MIT.txt
40678d338ce53cd93f8b22b281a2ecbcaa3ee65ce60b25ffb0c462b0530846b2	965	other	/home/rootitanium/LICENSES/Qt-GPL-exception-1.0.txt
8c904b2716d98f032ed6c5f98ef15667b9b02dff8e3d366ca50f9c7b83b488f0	1416	other	/home/rootitanium/LICENSES/README.txt
34dcab3d0832d0019f02990eed6b6124e029e8c32b9f0c6f2550544ff8dff174	89980	other	/home/rootitanium/Readability.js
3a587566d6aa602f472d318a4dc0ebe377cdd09ee727991bcc88b678de6906e1	8640	other	/home/rootitanium/kbd-layouts/CMakeLists.txt
e3b0c44298fc1c149afbf4c8996fb92427ae41e4649b934ca495991b7852b855	0	other	/home/rootitanium/kbd-layouts/ar_AR/dialpad.fallback
fdf2e22859bd70bc7c0f1ffcf52c71d307610f4462d82793546610be44559df5	2615	other	/home/rootitanium/kbd-layouts/ar_AR/digits.qml
c8d756309d38cffcbe648e8b8282c4356f86fb9256a898265f1f35e763d09235	2861	other	/home/rootitanium/kbd-layouts/ar_AR/handwriting.qml
bbd76cc3c134bd69f987239e6ff1b78381f1a5ca3e713d6e95d0866fa42db3e0	5094	other	/home/rootitanium/kbd-layouts/ar_AR/main.qml
4cceeffc1ec1106ed2dab0d64ea26415a268043667c128331b467989c92e8835	4931	other	/home/rootitanium/kbd-layouts/ar_AR/numbers.qml
34cc465a8e8299cb5eb5647b1463576e1480e89188c0d8015414fb7cc7663d8c	10903	other	/home/rootitanium/kbd-layouts/ar_AR/symbols.qml
e3b0c44298fc1c149afbf4c8996fb92427ae41e4649b934ca495991b7852b855	0	other	/home/rootitanium/kbd-layouts/bg_BG/dialpad.fallback
e3b0c44298fc1c149afbf4c8996fb92427ae41e4649b934ca495991b7852b855	0	other	/home/rootitanium/kbd-layouts/bg_BG/digits.fallback
d2a788642a6bf39345fddb3df73862f7482b16689dcb134eb2c251abe3ca5b1d	1735	other	/home/rootitanium/kbd-layouts/bg_BG/handwriting.qml
d8f8de354f326079f55ca9f1b016d2474a12d2f15335a235d8c33ddfe2e7c4c5	11515	other	/home/rootitanium/kbd-layouts/bg_BG/main.qml
e3b0c44298fc1c149afbf4c8996fb92427ae41e4649b934ca495991b7852b855	0	other	/home/rootitanium/kbd-layouts/bg_BG/numbers.fallback
e3b0c44298fc1c149afbf4c8996fb92427ae41e4649b934ca495991b7852b855	0	other	/home/rootitanium/kbd-layouts/bg_BG/symbols.fallback
e3b0c44298fc1c149afbf4c8996fb92427ae41e4649b934ca495991b7852b855	0	other	/home/rootitanium/kbd-layouts/cs_CZ/dialpad.fallback
e3b0c44298fc1c149afbf4c8996fb92427ae41e4649b934ca495991b7852b855	0	other	/home/rootitanium/kbd-layouts/cs_CZ/digits.fallback
e3b0c44298fc1c149afbf4c8996fb92427ae41e4649b934ca495991b7852b855	0	other	/home/rootitanium/kbd-layouts/cs_CZ/handwriting.fallback
34c8ddcf2b5451ef50129a06052fde4a9bbb4c0f15c5f29f5755dc9261057ed5	4646	other	/home/rootitanium/kbd-layouts/cs_CZ/main.qml
e3b0c44298fc1c149afbf4c8996fb92427ae41e4649b934ca495991b7852b855	0	other	/home/rootitanium/kbd-layouts/cs_CZ/numbers.fallback
e3b0c44298fc1c149afbf4c8996fb92427ae41e4649b934ca495991b7852b855	0	other	/home/rootitanium/kbd-layouts/cs_CZ/symbols.fallback
e3b0c44298fc1c149afbf4c8996fb92427ae41e4649b934ca495991b7852b855	0	other	/home/rootitanium/kbd-layouts/da_DK/dialpad.fallback
e3b0c44298fc1c149afbf4c8996fb92427ae41e4649b934ca495991b7852b855	0	other	/home/rootitanium/kbd-layouts/da_DK/digits.fallback
e3b0c44298fc1c149afbf4c8996fb92427ae41e4649b934ca495991b7852b855	0	other	/home/rootitanium/kbd-layouts/da_DK/handwriting.fallback
5132e3d5d6e043d9b3162e153bcd2789c00b8152568fbb20aee0930479aac3c2	4404	other	/home/rootitanium/kbd-layouts/da_DK/main.qml
e3b0c44298fc1c149afbf4c8996fb92427ae41e4649b934ca495991b7852b855	0	other	/home/rootitanium/kbd-layouts/da_DK/numbers.fallback
e3b0c44298fc1c149afbf4c8996fb92427ae41e4649b934ca495991b7852b855	0	other	/home/rootitanium/kbd-layouts/da_DK/symbols.fallback
e3b0c44298fc1c149afbf4c8996fb92427ae41e4649b934ca495991b7852b855	0	other	/home/rootitanium/kbd-layouts/de_DE/dialpad.fallback
e3b0c44298fc1c149afbf4c8996fb92427ae41e4649b934ca495991b7852b855	0	other	/home/rootitanium/kbd-layouts/de_DE/digits.fallback
e3b0c44298fc1c149afbf4c8996fb92427ae41e4649b934ca495991b7852b855	0	other	/home/rootitanium/kbd-layouts/de_DE/handwriting.fallback
6d3852ef48abbc9d6f32ba314e1acc526a26158fe542a6abd441db326b6abc54	4242	other	/home/rootitanium/kbd-layouts/de_DE/main.qml
e3b0c44298fc1c149afbf4c8996fb92427ae41e4649b934ca495991b7852b855	0	other	/home/rootitanium/kbd-layouts/de_DE/numbers.fallback
e3b0c44298fc1c149afbf4c8996fb92427ae41e4649b934ca495991b7852b855	0	other	/home/rootitanium/kbd-layouts/de_DE/symbols.fallback
e3b0c44298fc1c149afbf4c8996fb92427ae41e4649b934ca495991b7852b855	0	other	/home/rootitanium/kbd-layouts/el_GR/dialpad.fallback
e3b0c44298fc1c149afbf4c8996fb92427ae41e4649b934ca495991b7852b855	0	other	/home/rootitanium/kbd-layouts/el_GR/digits.fallback
6c515175e8b4b6e3db76e8a1863ac656a241ba91b16ea7a7812b2829fe95f741	1732	other	/home/rootitanium/kbd-layouts/el_GR/handwriting.qml
be66f6e8ebddce1145a09b544f3cab6c3d8c80ae9381405dd2f1080a1287eb87	12060	other	/home/rootitanium/kbd-layouts/el_GR/main.qml
e3b0c44298fc1c149afbf4c8996fb92427ae41e4649b934ca495991b7852b855	0	other	/home/rootitanium/kbd-layouts/el_GR/numbers.fallback
e3b0c44298fc1c149afbf4c8996fb92427ae41e4649b934ca495991b7852b855	0	other	/home/rootitanium/kbd-layouts/el_GR/symbols.fallback
e3b0c44298fc1c149afbf4c8996fb92427ae41e4649b934ca495991b7852b855	0	other	/home/rootitanium/kbd-layouts/en_GB/dialpad.fallback
e3b0c44298fc1c149afbf4c8996fb92427ae41e4649b934ca495991b7852b855	0	other	/home/rootitanium/kbd-layouts/en_GB/digits.fallback
e3b0c44298fc1c149afbf4c8996fb92427ae41e4649b934ca495991b7852b855	0	other	/home/rootitanium/kbd-layouts/en_GB/handwriting.fallback
e3b0c44298fc1c149afbf4c8996fb92427ae41e4649b934ca495991b7852b855	0	other	/home/rootitanium/kbd-layouts/en_GB/main.fallback
e3b0c44298fc1c149afbf4c8996fb92427ae41e4649b934ca495991b7852b855	0	other	/home/rootitanium/kbd-layouts/en_GB/numbers.fallback
e3b0c44298fc1c149afbf4c8996fb92427ae41e4649b934ca495991b7852b855	0	other	/home/rootitanium/kbd-layouts/en_GB/symbols.fallback
e3b0c44298fc1c149afbf4c8996fb92427ae41e4649b934ca495991b7852b855	0	other	/home/rootitanium/kbd-layouts/en_US/dialpad.fallback
e3b0c44298fc1c149afbf4c8996fb92427ae41e4649b934ca495991b7852b855	0	other	/home/rootitanium/kbd-layouts/en_US/digits.fallback
e3b0c44298fc1c149afbf4c8996fb92427ae41e4649b934ca495991b7852b855	0	other	/home/rootitanium/kbd-layouts/en_US/handwriting.fallback
e3b0c44298fc1c149afbf4c8996fb92427ae41e4649b934ca495991b7852b855	0	other	/home/rootitanium/kbd-layouts/en_US/main.fallback
e3b0c44298fc1c149afbf4c8996fb92427ae41e4649b934ca495991b7852b855	0	other	/home/rootitanium/kbd-layouts/en_US/numbers.fallback
e3b0c44298fc1c149afbf4c8996fb92427ae41e4649b934ca495991b7852b855	0	other	/home/rootitanium/kbd-layouts/en_US/symbols.fallback
e3b0c44298fc1c149afbf4c8996fb92427ae41e4649b934ca495991b7852b855	0	other	/home/rootitanium/kbd-layouts/es_ES/dialpad.fallback
e3b0c44298fc1c149afbf4c8996fb92427ae41e4649b934ca495991b7852b855	0	other	/home/rootitanium/kbd-layouts/es_ES/digits.fallback
188e942fa82cef2b7d860c8d3fda3d25bbdea26d4d3e54b2015e65d0ab796084	1467	other	/home/rootitanium/kbd-layouts/es_ES/handwriting.qml
6614d2b0bdcd90429d4d28b28c577cb2ed97b0bddac1718f78744b666593c164	4155	other	/home/rootitanium/kbd-layouts/es_ES/main.qml
e3b0c44298fc1c149afbf4c8996fb92427ae41e4649b934ca495991b7852b855	0	other	/home/rootitanium/kbd-layouts/es_ES/numbers.fallback
618ef96d4925fd038d83c76a6572119ce00bd9e5edd7d246a1bf22c610c8b8db	10572	other	/home/rootitanium/kbd-layouts/es_ES/symbols.qml
e3b0c44298fc1c149afbf4c8996fb92427ae41e4649b934ca495991b7852b855	0	other	/home/rootitanium/kbd-layouts/es_MX/dialpad.fallback
e3b0c44298fc1c149afbf4c8996fb92427ae41e4649b934ca495991b7852b855	0	other	/home/rootitanium/kbd-layouts/es_MX/digits.fallback
188e942fa82cef2b7d860c8d3fda3d25bbdea26d4d3e54b2015e65d0ab796084	1467	other	/home/rootitanium/kbd-layouts/es_MX/handwriting.qml
6614d2b0bdcd90429d4d28b28c577cb2ed97b0bddac1718f78744b666593c164	4155	other	/home/rootitanium/kbd-layouts/es_MX/main.qml
e3b0c44298fc1c149afbf4c8996fb92427ae41e4649b934ca495991b7852b855	0	other	/home/rootitanium/kbd-layouts/es_MX/numbers.fallback
8a2a275bf276651947c2247d3faec4cb282b6c483197968bf15a3ab74c599b7b	10573	other	/home/rootitanium/kbd-layouts/es_MX/symbols.qml
e3b0c44298fc1c149afbf4c8996fb92427ae41e4649b934ca495991b7852b855	0	other	/home/rootitanium/kbd-layouts/et_EE/dialpad.fallback
e3b0c44298fc1c149afbf4c8996fb92427ae41e4649b934ca495991b7852b855	0	other	/home/rootitanium/kbd-layouts/et_EE/digits.fallback
e3b0c44298fc1c149afbf4c8996fb92427ae41e4649b934ca495991b7852b855	0	other	/home/rootitanium/kbd-layouts/et_EE/handwriting.fallback
58e17f0dedf4caab347cee63ca8330400c54c7486b837c6426e6ce0a795c3a2e	4310	other	/home/rootitanium/kbd-layouts/et_EE/main.qml
e3b0c44298fc1c149afbf4c8996fb92427ae41e4649b934ca495991b7852b855	0	other	/home/rootitanium/kbd-layouts/et_EE/numbers.fallback
e3b0c44298fc1c149afbf4c8996fb92427ae41e4649b934ca495991b7852b855	0	other	/home/rootitanium/kbd-layouts/et_EE/symbols.fallback
e3b0c44298fc1c149afbf4c8996fb92427ae41e4649b934ca495991b7852b855	0	other	/home/rootitanium/kbd-layouts/fa_FA/dialpad.fallback
3e169eef24f1f28f6146b2a5e2f3cc079ce7512a2d43f51ea43d22e3fcab08ba	2305	other	/home/rootitanium/kbd-layouts/fa_FA/digits.qml
c9697218c9906eb7d136775facd5d7448adc547beae05914eee0e105fdb93ab5	2861	other	/home/rootitanium/kbd-layouts/fa_FA/handwriting.qml
263d8c03e292cdc0331c7ba10f6a46ed1599979938abe8cc5b0695ea6973dc1b	4221	other	/home/rootitanium/kbd-layouts/fa_FA/main.qml
1b77e2d966d50a668ab9da2d1af0e4017d8f4725b6e89a99e2df48ac67c40066	4611	other	/home/rootitanium/kbd-layouts/fa_FA/numbers.qml
5968b265db3128f091201e90bbc668bff2d7d85c5de37deb14a983a6c33e3fc4	10867	other	/home/rootitanium/kbd-layouts/fa_FA/symbols.qml
91ee471bc944be4eadb4f95de65728ce1cc769ed6eb75839d468a0d2b0c1aafc	2128	other	/home/rootitanium/kbd-layouts/fallback/dialpad.qml
8d18d6f58c81f863a539ac7e31d83ba5cc9fb7fbe36e92c043c109826e589185	2318	other	/home/rootitanium/kbd-layouts/fallback/digits.qml
024a0e1f1b8ac7f94e568ef914b2fd735979229d87929d8c2bea266ff242a961	1463	other	/home/rootitanium/kbd-layouts/fallback/handwriting.qml
ba09301f6d69f1d876b368abe21c23f09095b8c04ae531844dc90705e20bdfa0	4800	other	/home/rootitanium/kbd-layouts/fallback/main.qml
3836ef868c9f62cbf6e4b94ce759c1e486f95a35f0173d78fe703d23475f8bf4	4420	other	/home/rootitanium/kbd-layouts/fallback/numbers.qml
23f968c1b4373e5f50e5e26a0f798a05e47dd657c574c0f37079c5ba5aa1afb3	10560	other	/home/rootitanium/kbd-layouts/fallback/symbols.qml
e3b0c44298fc1c149afbf4c8996fb92427ae41e4649b934ca495991b7852b855	0	other	/home/rootitanium/kbd-layouts/fi_FI/dialpad.fallback
e3b0c44298fc1c149afbf4c8996fb92427ae41e4649b934ca495991b7852b855	0	other	/home/rootitanium/kbd-layouts/fi_FI/digits.fallback
e3b0c44298fc1c149afbf4c8996fb92427ae41e4649b934ca495991b7852b855	0	other	/home/rootitanium/kbd-layouts/fi_FI/handwriting.fallback
f6dcadd553b4ec23ce214646cbea4d17471e84e8308e5fbba7d9b46c856b6686	4202	other	/home/rootitanium/kbd-layouts/fi_FI/main.qml
e3b0c44298fc1c149afbf4c8996fb92427ae41e4649b934ca495991b7852b855	0	other	/home/rootitanium/kbd-layouts/fi_FI/numbers.fallback
e3b0c44298fc1c149afbf4c8996fb92427ae41e4649b934ca495991b7852b855	0	other	/home/rootitanium/kbd-layouts/fi_FI/symbols.fallback
e3b0c44298fc1c149afbf4c8996fb92427ae41e4649b934ca495991b7852b855	0	other	/home/rootitanium/kbd-layouts/fr_CA/dialpad.fallback
e3b0c44298fc1c149afbf4c8996fb92427ae41e4649b934ca495991b7852b855	0	other	/home/rootitanium/kbd-layouts/fr_CA/digits.fallback
e3b0c44298fc1c149afbf4c8996fb92427ae41e4649b934ca495991b7852b855	0	other	/home/rootitanium/kbd-layouts/fr_CA/handwriting.fallback
2d97211d0f79db91f2e29438e400a5611ff4b247453755f21f6ef13c216d4ae9	4442	other	/home/rootitanium/kbd-layouts/fr_CA/main.qml
e3b0c44298fc1c149afbf4c8996fb92427ae41e4649b934ca495991b7852b855	0	other	/home/rootitanium/kbd-layouts/fr_CA/numbers.fallback
e3b0c44298fc1c149afbf4c8996fb92427ae41e4649b934ca495991b7852b855	0	other	/home/rootitanium/kbd-layouts/fr_CA/symbols.fallback
e3b0c44298fc1c149afbf4c8996fb92427ae41e4649b934ca495991b7852b855	0	other	/home/rootitanium/kbd-layouts/fr_FR/dialpad.fallback
e3b0c44298fc1c149afbf4c8996fb92427ae41e4649b934ca495991b7852b855	0	other	/home/rootitanium/kbd-layouts/fr_FR/digits.fallback
e3b0c44298fc1c149afbf4c8996fb92427ae41e4649b934ca495991b7852b855	0	other	/home/rootitanium/kbd-layouts/fr_FR/handwriting.fallback
199d44d84f37491c5604fff6559f9db5c79b685d2ccf8b4e5fc4dd9fe73e6ebf	4013	other	/home/rootitanium/kbd-layouts/fr_FR/main.qml
e3b0c44298fc1c149afbf4c8996fb92427ae41e4649b934ca495991b7852b855	0	other	/home/rootitanium/kbd-layouts/fr_FR/numbers.fallback
e3b0c44298fc1c149afbf4c8996fb92427ae41e4649b934ca495991b7852b855	0	other	/home/rootitanium/kbd-layouts/fr_FR/symbols.fallback
e3b0c44298fc1c149afbf4c8996fb92427ae41e4649b934ca495991b7852b855	0	other	/home/rootitanium/kbd-layouts/he_IL/dialpad.fallback
e3b0c44298fc1c149afbf4c8996fb92427ae41e4649b934ca495991b7852b855	0	other	/home/rootitanium/kbd-layouts/he_IL/digits.fallback
c521863a8ab1d8378d292364e046d625aa895ba21ecc3c0ca7ad7ae750f245ec	1733	other	/home/rootitanium/kbd-layouts/he_IL/handwriting.qml
8e3927845a0a1cb04702ea181486dca2a5b24082d6a378588497cf9c94c95989	12857	other	/home/rootitanium/kbd-layouts/he_IL/main.qml
e3b0c44298fc1c149afbf4c8996fb92427ae41e4649b934ca495991b7852b855	0	other	/home/rootitanium/kbd-layouts/he_IL/numbers.fallback
ccd572cdb0e22824362113efb6107c6cebc5feb24a4b6ecf84294fee6f9c8a4d	10593	other	/home/rootitanium/kbd-layouts/he_IL/symbols.qml
e3b0c44298fc1c149afbf4c8996fb92427ae41e4649b934ca495991b7852b855	0	other	/home/rootitanium/kbd-layouts/hi_IN/dialpad.fallback
e3b0c44298fc1c149afbf4c8996fb92427ae41e4649b934ca495991b7852b855	0	other	/home/rootitanium/kbd-layouts/hi_IN/digits.fallback
e3b0c44298fc1c149afbf4c8996fb92427ae41e4649b934ca495991b7852b855	0	other	/home/rootitanium/kbd-layouts/hi_IN/handwriting.fallback
95076ae5c24f66f3b2d4ddf5b30172b6d303713dbebaf10d75a46cdddea3865d	4882	other	/home/rootitanium/kbd-layouts/hi_IN/main.qml
e3b0c44298fc1c149afbf4c8996fb92427ae41e4649b934ca495991b7852b855	0	other	/home/rootitanium/kbd-layouts/hi_IN/numbers.fallback
7ad112c6835c69a1cf0304958c13a1e2e1c6f712b39c8d402963d6f626b71bd6	10950	other	/home/rootitanium/kbd-layouts/hi_IN/symbols.qml
e3b0c44298fc1c149afbf4c8996fb92427ae41e4649b934ca495991b7852b855	0	other	/home/rootitanium/kbd-layouts/hr_HR/dialpad.fallback
e3b0c44298fc1c149afbf4c8996fb92427ae41e4649b934ca495991b7852b855	0	other	/home/rootitanium/kbd-layouts/hr_HR/digits.fallback
e3b0c44298fc1c149afbf4c8996fb92427ae41e4649b934ca495991b7852b855	0	other	/home/rootitanium/kbd-layouts/hr_HR/handwriting.fallback
818da290d508953b9f81469172846b4bca4fa17ddec722865bdec0c7b759f9c8	3941	other	/home/rootitanium/kbd-layouts/hr_HR/main.qml
e3b0c44298fc1c149afbf4c8996fb92427ae41e4649b934ca495991b7852b855	0	other	/home/rootitanium/kbd-layouts/hr_HR/numbers.fallback
e3b0c44298fc1c149afbf4c8996fb92427ae41e4649b934ca495991b7852b855	0	other	/home/rootitanium/kbd-layouts/hr_HR/symbols.fallback
e3b0c44298fc1c149afbf4c8996fb92427ae41e4649b934ca495991b7852b855	0	other	/home/rootitanium/kbd-layouts/hu_HU/dialpad.fallback
e3b0c44298fc1c149afbf4c8996fb92427ae41e4649b934ca495991b7852b855	0	other	/home/rootitanium/kbd-layouts/hu_HU/digits.fallback
e3b0c44298fc1c149afbf4c8996fb92427ae41e4649b934ca495991b7852b855	0	other	/home/rootitanium/kbd-layouts/hu_HU/handwriting.fallback
70aa91843226f0e383972312e8cc145b2b0580293770de2013c98fcf144f0301	4432	other	/home/rootitanium/kbd-layouts/hu_HU/main.qml
e3b0c44298fc1c149afbf4c8996fb92427ae41e4649b934ca495991b7852b855	0	other	/home/rootitanium/kbd-layouts/hu_HU/numbers.fallback
e3b0c44298fc1c149afbf4c8996fb92427ae41e4649b934ca495991b7852b855	0	other	/home/rootitanium/kbd-layouts/hu_HU/symbols.fallback
e3b0c44298fc1c149afbf4c8996fb92427ae41e4649b934ca495991b7852b855	0	other	/home/rootitanium/kbd-layouts/id_ID/dialpad.fallback
e3b0c44298fc1c149afbf4c8996fb92427ae41e4649b934ca495991b7852b855	0	other	/home/rootitanium/kbd-layouts/id_ID/digits.fallback
e3b0c44298fc1c149afbf4c8996fb92427ae41e4649b934ca495991b7852b855	0	other	/home/rootitanium/kbd-layouts/id_ID/handwriting.fallback
e3b0c44298fc1c149afbf4c8996fb92427ae41e4649b934ca495991b7852b855	0	other	/home/rootitanium/kbd-layouts/id_ID/main.fallback
e3b0c44298fc1c149afbf4c8996fb92427ae41e4649b934ca495991b7852b855	0	other	/home/rootitanium/kbd-layouts/id_ID/numbers.fallback
e3b0c44298fc1c149afbf4c8996fb92427ae41e4649b934ca495991b7852b855	0	other	/home/rootitanium/kbd-layouts/id_ID/symbols.fallback
e3b0c44298fc1c149afbf4c8996fb92427ae41e4649b934ca495991b7852b855	0	other	/home/rootitanium/kbd-layouts/it_IT/dialpad.fallback
e3b0c44298fc1c149afbf4c8996fb92427ae41e4649b934ca495991b7852b855	0	other	/home/rootitanium/kbd-layouts/it_IT/digits.fallback
e3b0c44298fc1c149afbf4c8996fb92427ae41e4649b934ca495991b7852b855	0	other	/home/rootitanium/kbd-layouts/it_IT/handwriting.fallback
caea5e3b331d056d92be1d5011d66b0302d9a84dffa1f585505bd099087f4605	4541	other	/home/rootitanium/kbd-layouts/it_IT/main.qml
e3b0c44298fc1c149afbf4c8996fb92427ae41e4649b934ca495991b7852b855	0	other	/home/rootitanium/kbd-layouts/it_IT/numbers.fallback
e3b0c44298fc1c149afbf4c8996fb92427ae41e4649b934ca495991b7852b855	0	other	/home/rootitanium/kbd-layouts/it_IT/symbols.fallback
e3b0c44298fc1c149afbf4c8996fb92427ae41e4649b934ca495991b7852b855	0	other	/home/rootitanium/kbd-layouts/ja_JP/dialpad.fallback
e3b0c44298fc1c149afbf4c8996fb92427ae41e4649b934ca495991b7852b855	0	other	/home/rootitanium/kbd-layouts/ja_JP/digits.fallback
c7ac15c90e421da7039b537dceb155c57059394755671a44003120646e2e540c	1775	other	/home/rootitanium/kbd-layouts/ja_JP/handwriting.qml
71810a9f9a93ac7771ce9eefef8ed32009514d758d1985161192de8ff91090f5	15060	other	/home/rootitanium/kbd-layouts/ja_JP/main.qml
e3b0c44298fc1c149afbf4c8996fb92427ae41e4649b934ca495991b7852b855	0	other	/home/rootitanium/kbd-layouts/ja_JP/numbers.fallback
18b50738b4937ad0a925a8bcf85767bc5dbff7dba18a2d023d7864e7d9df05c0	13607	other	/home/rootitanium/kbd-layouts/ja_JP/symbols.qml
e3b0c44298fc1c149afbf4c8996fb92427ae41e4649b934ca495991b7852b855	0	other	/home/rootitanium/kbd-layouts/ko_KR/dialpad.fallback
e3b0c44298fc1c149afbf4c8996fb92427ae41e4649b934ca495991b7852b855	0	other	/home/rootitanium/kbd-layouts/ko_KR/digits.fallback
7e5358750c7527f07763add982490fa855209be4ede3ce4489cdf5091d075bc1	2378	other	/home/rootitanium/kbd-layouts/ko_KR/handwriting.qml
879fc61c3cdec0f2f25707450afaec0691d1c438a609b56a41f2162f82252bd5	10124	other	/home/rootitanium/kbd-layouts/ko_KR/main.qml
e3b0c44298fc1c149afbf4c8996fb92427ae41e4649b934ca495991b7852b855	0	other	/home/rootitanium/kbd-layouts/ko_KR/numbers.fallback
d07ccf54ecfbdad5f645e414a98cdd3a8fa55773f0041dbce1a755b80cadbdfe	10635	other	/home/rootitanium/kbd-layouts/ko_KR/symbols.qml
e3b0c44298fc1c149afbf4c8996fb92427ae41e4649b934ca495991b7852b855	0	other	/home/rootitanium/kbd-layouts/ms_MY/dialpad.fallback
e3b0c44298fc1c149afbf4c8996fb92427ae41e4649b934ca495991b7852b855	0	other	/home/rootitanium/kbd-layouts/ms_MY/digits.fallback
e3b0c44298fc1c149afbf4c8996fb92427ae41e4649b934ca495991b7852b855	0	other	/home/rootitanium/kbd-layouts/ms_MY/handwriting.fallback
e3b0c44298fc1c149afbf4c8996fb92427ae41e4649b934ca495991b7852b855	0	other	/home/rootitanium/kbd-layouts/ms_MY/main.fallback
e3b0c44298fc1c149afbf4c8996fb92427ae41e4649b934ca495991b7852b855	0	other	/home/rootitanium/kbd-layouts/ms_MY/numbers.fallback
e3b0c44298fc1c149afbf4c8996fb92427ae41e4649b934ca495991b7852b855	0	other	/home/rootitanium/kbd-layouts/ms_MY/symbols.fallback
e3b0c44298fc1c149afbf4c8996fb92427ae41e4649b934ca495991b7852b855	0	other	/home/rootitanium/kbd-layouts/nb_NO/dialpad.fallback
e3b0c44298fc1c149afbf4c8996fb92427ae41e4649b934ca495991b7852b855	0	other	/home/rootitanium/kbd-layouts/nb_NO/digits.fallback
e3b0c44298fc1c149afbf4c8996fb92427ae41e4649b934ca495991b7852b855	0	other	/home/rootitanium/kbd-layouts/nb_NO/handwriting.fallback
2c155da9be9def8f560cbd187d748022b77f42b25c3e19071fbc53fe7a17943f	4418	other	/home/rootitanium/kbd-layouts/nb_NO/main.qml
e3b0c44298fc1c149afbf4c8996fb92427ae41e4649b934ca495991b7852b855	0	other	/home/rootitanium/kbd-layouts/nb_NO/numbers.fallback
e3b0c44298fc1c149afbf4c8996fb92427ae41e4649b934ca495991b7852b855	0	other	/home/rootitanium/kbd-layouts/nb_NO/symbols.fallback
e3b0c44298fc1c149afbf4c8996fb92427ae41e4649b934ca495991b7852b855	0	other	/home/rootitanium/kbd-layouts/nl_NL/dialpad.fallback
e3b0c44298fc1c149afbf4c8996fb92427ae41e4649b934ca495991b7852b855	0	other	/home/rootitanium/kbd-layouts/nl_NL/digits.fallback
e3b0c44298fc1c149afbf4c8996fb92427ae41e4649b934ca495991b7852b855	0	other	/home/rootitanium/kbd-layouts/nl_NL/handwriting.fallback
e3b0c44298fc1c149afbf4c8996fb92427ae41e4649b934ca495991b7852b855	0	other	/home/rootitanium/kbd-layouts/nl_NL/main.fallback
e3b0c44298fc1c149afbf4c8996fb92427ae41e4649b934ca495991b7852b855	0	other	/home/rootitanium/kbd-layouts/nl_NL/numbers.fallback
e3b0c44298fc1c149afbf4c8996fb92427ae41e4649b934ca495991b7852b855	0	other	/home/rootitanium/kbd-layouts/nl_NL/symbols.fallback
e3b0c44298fc1c149afbf4c8996fb92427ae41e4649b934ca495991b7852b855	0	other	/home/rootitanium/kbd-layouts/pl_PL/dialpad.fallback
e3b0c44298fc1c149afbf4c8996fb92427ae41e4649b934ca495991b7852b855	0	other	/home/rootitanium/kbd-layouts/pl_PL/digits.fallback
e3b0c44298fc1c149afbf4c8996fb92427ae41e4649b934ca495991b7852b855	0	other	/home/rootitanium/kbd-layouts/pl_PL/handwriting.fallback
2a201f82debfcbb076aecfb3c43001120b86ca1727145348bcdfe15ad1389f09	4500	other	/home/rootitanium/kbd-layouts/pl_PL/main.qml
e3b0c44298fc1c149afbf4c8996fb92427ae41e4649b934ca495991b7852b855	0	other	/home/rootitanium/kbd-layouts/pl_PL/numbers.fallback
e3b0c44298fc1c149afbf4c8996fb92427ae41e4649b934ca495991b7852b855	0	other	/home/rootitanium/kbd-layouts/pl_PL/symbols.fallback
e3b0c44298fc1c149afbf4c8996fb92427ae41e4649b934ca495991b7852b855	0	other	/home/rootitanium/kbd-layouts/pt_BR/dialpad.fallback
e3b0c44298fc1c149afbf4c8996fb92427ae41e4649b934ca495991b7852b855	0	other	/home/rootitanium/kbd-layouts/pt_BR/digits.fallback
e3b0c44298fc1c149afbf4c8996fb92427ae41e4649b934ca495991b7852b855	0	other	/home/rootitanium/kbd-layouts/pt_BR/handwriting.fallback
58a1557d440b6c04b689032fa437dfe36107d33c5e6e734ed80e20e07ccd4461	4003	other	/home/rootitanium/kbd-layouts/pt_BR/main.qml
e3b0c44298fc1c149afbf4c8996fb92427ae41e4649b934ca495991b7852b855	0	other	/home/rootitanium/kbd-layouts/pt_BR/numbers.fallback
e3b0c44298fc1c149afbf4c8996fb92427ae41e4649b934ca495991b7852b855	0	other	/home/rootitanium/kbd-layouts/pt_BR/symbols.fallback
e3b0c44298fc1c149afbf4c8996fb92427ae41e4649b934ca495991b7852b855	0	other	/home/rootitanium/kbd-layouts/pt_PT/dialpad.fallback
e3b0c44298fc1c149afbf4c8996fb92427ae41e4649b934ca495991b7852b855	0	other	/home/rootitanium/kbd-layouts/pt_PT/digits.fallback
e3b0c44298fc1c149afbf4c8996fb92427ae41e4649b934ca495991b7852b855	0	other	/home/rootitanium/kbd-layouts/pt_PT/handwriting.fallback
58a1557d440b6c04b689032fa437dfe36107d33c5e6e734ed80e20e07ccd4461	4003	other	/home/rootitanium/kbd-layouts/pt_PT/main.qml
e3b0c44298fc1c149afbf4c8996fb92427ae41e4649b934ca495991b7852b855	0	other	/home/rootitanium/kbd-layouts/pt_PT/numbers.fallback
e3b0c44298fc1c149afbf4c8996fb92427ae41e4649b934ca495991b7852b855	0	other	/home/rootitanium/kbd-layouts/pt_PT/symbols.fallback
e3b0c44298fc1c149afbf4c8996fb92427ae41e4649b934ca495991b7852b855	0	other	/home/rootitanium/kbd-layouts/ro_RO/dialpad.fallback
e3b0c44298fc1c149afbf4c8996fb92427ae41e4649b934ca495991b7852b855	0	other	/home/rootitanium/kbd-layouts/ro_RO/digits.fallback
e3b0c44298fc1c149afbf4c8996fb92427ae41e4649b934ca495991b7852b855	0	other	/home/rootitanium/kbd-layouts/ro_RO/handwriting.fallback
71b3cd10d03ae3e246480de5c716f1556c55c79a7cdc9d6742fc3747d2a94c70	4321	other	/home/rootitanium/kbd-layouts/ro_RO/main.qml
e3b0c44298fc1c149afbf4c8996fb92427ae41e4649b934ca495991b7852b855	0	other	/home/rootitanium/kbd-layouts/ro_RO/numbers.fallback
e3b0c44298fc1c149afbf4c8996fb92427ae41e4649b934ca495991b7852b855	0	other	/home/rootitanium/kbd-layouts/ro_RO/symbols.fallback
e3b0c44298fc1c149afbf4c8996fb92427ae41e4649b934ca495991b7852b855	0	other	/home/rootitanium/kbd-layouts/ru_RU/dialpad.fallback
e3b0c44298fc1c149afbf4c8996fb92427ae41e4649b934ca495991b7852b855	0	other	/home/rootitanium/kbd-layouts/ru_RU/digits.fallback
d2a788642a6bf39345fddb3df73862f7482b16689dcb134eb2c251abe3ca5b1d	1735	other	/home/rootitanium/kbd-layouts/ru_RU/handwriting.qml
f1984c1a876b29527212a7bbebd8aed22c739005fb45742c207e31595a9fcca0	3912	other	/home/rootitanium/kbd-layouts/ru_RU/main.qml
e3b0c44298fc1c149afbf4c8996fb92427ae41e4649b934ca495991b7852b855	0	other	/home/rootitanium/kbd-layouts/ru_RU/numbers.fallback
e3b0c44298fc1c149afbf4c8996fb92427ae41e4649b934ca495991b7852b855	0	other	/home/rootitanium/kbd-layouts/ru_RU/symbols.fallback
e3b0c44298fc1c149afbf4c8996fb92427ae41e4649b934ca495991b7852b855	0	other	/home/rootitanium/kbd-layouts/sk_SK/dialpad.fallback
e3b0c44298fc1c149afbf4c8996fb92427ae41e4649b934ca495991b7852b855	0	other	/home/rootitanium/kbd-layouts/sk_SK/digits.fallback
e3b0c44298fc1c149afbf4c8996fb92427ae41e4649b934ca495991b7852b855	0	other	/home/rootitanium/kbd-layouts/sk_SK/handwriting.fallback
2aa6d7fa7f68369eb67faf7d66bcff390cca0795f5aa7647e0d84bf268f54bc4	4683	other	/home/rootitanium/kbd-layouts/sk_SK/main.qml
e3b0c44298fc1c149afbf4c8996fb92427ae41e4649b934ca495991b7852b855	0	other	/home/rootitanium/kbd-layouts/sk_SK/numbers.fallback
e3b0c44298fc1c149afbf4c8996fb92427ae41e4649b934ca495991b7852b855	0	other	/home/rootitanium/kbd-layouts/sk_SK/symbols.fallback
e3b0c44298fc1c149afbf4c8996fb92427ae41e4649b934ca495991b7852b855	0	other	/home/rootitanium/kbd-layouts/sl_SI/dialpad.fallback
e3b0c44298fc1c149afbf4c8996fb92427ae41e4649b934ca495991b7852b855	0	other	/home/rootitanium/kbd-layouts/sl_SI/digits.fallback
e3b0c44298fc1c149afbf4c8996fb92427ae41e4649b934ca495991b7852b855	0	other	/home/rootitanium/kbd-layouts/sl_SI/handwriting.fallback
393d454048c5952ee965f8ab55a0f90871555f1d61217eace9a4de9b87fddd3f	4516	other	/home/rootitanium/kbd-layouts/sl_SI/main.qml
e3b0c44298fc1c149afbf4c8996fb92427ae41e4649b934ca495991b7852b855	0	other	/home/rootitanium/kbd-layouts/sl_SI/numbers.fallback
e3b0c44298fc1c149afbf4c8996fb92427ae41e4649b934ca495991b7852b855	0	other	/home/rootitanium/kbd-layouts/sl_SI/symbols.fallback
e3b0c44298fc1c149afbf4c8996fb92427ae41e4649b934ca495991b7852b855	0	other	/home/rootitanium/kbd-layouts/sq_AL/dialpad.fallback
e3b0c44298fc1c149afbf4c8996fb92427ae41e4649b934ca495991b7852b855	0	other	/home/rootitanium/kbd-layouts/sq_AL/digits.fallback
e3b0c44298fc1c149afbf4c8996fb92427ae41e4649b934ca495991b7852b855	0	other	/home/rootitanium/kbd-layouts/sq_AL/handwriting.fallback
4c96d9d59fac5ccce8f14ea532ef86d5eed64e6b1a150e5281a2e85e198e7e91	4778	other	/home/rootitanium/kbd-layouts/sq_AL/main.qml
e3b0c44298fc1c149afbf4c8996fb92427ae41e4649b934ca495991b7852b855	0	other	/home/rootitanium/kbd-layouts/sq_AL/numbers.fallback
e3b0c44298fc1c149afbf4c8996fb92427ae41e4649b934ca495991b7852b855	0	other	/home/rootitanium/kbd-layouts/sq_AL/symbols.fallback
e3b0c44298fc1c149afbf4c8996fb92427ae41e4649b934ca495991b7852b855	0	other	/home/rootitanium/kbd-layouts/sr_SP/dialpad.fallback
e3b0c44298fc1c149afbf4c8996fb92427ae41e4649b934ca495991b7852b855	0	other	/home/rootitanium/kbd-layouts/sr_SP/digits.fallback
d2a788642a6bf39345fddb3df73862f7482b16689dcb134eb2c251abe3ca5b1d	1735	other	/home/rootitanium/kbd-layouts/sr_SP/handwriting.qml
f3c87b0928a765185e52b77ec7d0c09f3b718809087247cfbc8f68c0dabf0159	11359	other	/home/rootitanium/kbd-layouts/sr_SP/main.qml
e3b0c44298fc1c149afbf4c8996fb92427ae41e4649b934ca495991b7852b855	0	other	/home/rootitanium/kbd-layouts/sr_SP/numbers.fallback
e3b0c44298fc1c149afbf4c8996fb92427ae41e4649b934ca495991b7852b855	0	other	/home/rootitanium/kbd-layouts/sr_SP/symbols.fallback
e3b0c44298fc1c149afbf4c8996fb92427ae41e4649b934ca495991b7852b855	0	other	/home/rootitanium/kbd-layouts/sv_SE/dialpad.fallback
e3b0c44298fc1c149afbf4c8996fb92427ae41e4649b934ca495991b7852b855	0	other	/home/rootitanium/kbd-layouts/sv_SE/digits.fallback
e3b0c44298fc1c149afbf4c8996fb92427ae41e4649b934ca495991b7852b855	0	other	/home/rootitanium/kbd-layouts/sv_SE/handwriting.fallback
f6dcadd553b4ec23ce214646cbea4d17471e84e8308e5fbba7d9b46c856b6686	4202	other	/home/rootitanium/kbd-layouts/sv_SE/main.qml
e3b0c44298fc1c149afbf4c8996fb92427ae41e4649b934ca495991b7852b855	0	other	/home/rootitanium/kbd-layouts/sv_SE/numbers.fallback
e3b0c44298fc1c149afbf4c8996fb92427ae41e4649b934ca495991b7852b855	0	other	/home/rootitanium/kbd-layouts/sv_SE/symbols.fallback
e3b0c44298fc1c149afbf4c8996fb92427ae41e4649b934ca495991b7852b855	0	other	/home/rootitanium/kbd-layouts/th_TH/dialpad.fallback
e3b0c44298fc1c149afbf4c8996fb92427ae41e4649b934ca495991b7852b855	0	other	/home/rootitanium/kbd-layouts/th_TH/digits.fallback
e3b0c44298fc1c149afbf4c8996fb92427ae41e4649b934ca495991b7852b855	0	other	/home/rootitanium/kbd-layouts/th_TH/handwriting.fallback
167b4cfa7d33f3407f89e48ad1f6d0c19e39d9224cbd8a0f15525655da48be03	1691	other	/home/rootitanium/kbd-layouts/th_TH/handwriting.qml
a29e6d38e6eefd0048bc8637b5eed133d63d7d869bf5234295484f4fada0d27e	16596	other	/home/rootitanium/kbd-layouts/th_TH/main.qml
e3b0c44298fc1c149afbf4c8996fb92427ae41e4649b934ca495991b7852b855	0	other	/home/rootitanium/kbd-layouts/th_TH/numbers.fallback
5357dae5256225d56163f5beee804fd50c197c742b71f7f574ec264fca3dd3a6	10420	other	/home/rootitanium/kbd-layouts/th_TH/symbols.qml
e3b0c44298fc1c149afbf4c8996fb92427ae41e4649b934ca495991b7852b855	0	other	/home/rootitanium/kbd-layouts/tr_TR/dialpad.fallback
e3b0c44298fc1c149afbf4c8996fb92427ae41e4649b934ca495991b7852b855	0	other	/home/rootitanium/kbd-layouts/tr_TR/digits.fallback
e3b0c44298fc1c149afbf4c8996fb92427ae41e4649b934ca495991b7852b855	0	other	/home/rootitanium/kbd-layouts/tr_TR/handwriting.fallback
01a9ee0e1239be27ae32066ca091bae91b6385da100cec3d6525bfeea7be4445	4756	other	/home/rootitanium/kbd-layouts/tr_TR/main.qml
e3b0c44298fc1c149afbf4c8996fb92427ae41e4649b934ca495991b7852b855	0	other	/home/rootitanium/kbd-layouts/tr_TR/numbers.fallback
e3b0c44298fc1c149afbf4c8996fb92427ae41e4649b934ca495991b7852b855	0	other	/home/rootitanium/kbd-layouts/tr_TR/symbols.fallback
e3b0c44298fc1c149afbf4c8996fb92427ae41e4649b934ca495991b7852b855	0	other	/home/rootitanium/kbd-layouts/uk_UA/dialpad.fallback
e3b0c44298fc1c149afbf4c8996fb92427ae41e4649b934ca495991b7852b855	0	other	/home/rootitanium/kbd-layouts/uk_UA/digits.fallback
d2a788642a6bf39345fddb3df73862f7482b16689dcb134eb2c251abe3ca5b1d	1735	other	/home/rootitanium/kbd-layouts/uk_UA/handwriting.qml
3f7b0e3b9cddb2ed6f2969ff71aa75e56f811c7198e649cda44d09922113cb0b	3770	other	/home/rootitanium/kbd-layouts/uk_UA/main.qml
e3b0c44298fc1c149afbf4c8996fb92427ae41e4649b934ca495991b7852b855	0	other	/home/rootitanium/kbd-layouts/uk_UA/numbers.fallback
e3b0c44298fc1c149afbf4c8996fb92427ae41e4649b934ca495991b7852b855	0	other	/home/rootitanium/kbd-layouts/uk_UA/symbols.fallback
e3b0c44298fc1c149afbf4c8996fb92427ae41e4649b934ca495991b7852b855	0	other	/home/rootitanium/kbd-layouts/vi_VN/dialpad.fallback
e3b0c44298fc1c149afbf4c8996fb92427ae41e4649b934ca495991b7852b855	0	other	/home/rootitanium/kbd-layouts/vi_VN/digits.fallback
e3b0c44298fc1c149afbf4c8996fb92427ae41e4649b934ca495991b7852b855	0	other	/home/rootitanium/kbd-layouts/vi_VN/handwriting.fallback
575bf927aa99b766455e4fcb21d7815134c44997bb6903af722799fe03793bd9	4735	other	/home/rootitanium/kbd-layouts/vi_VN/main.qml
e3b0c44298fc1c149afbf4c8996fb92427ae41e4649b934ca495991b7852b855	0	other	/home/rootitanium/kbd-layouts/vi_VN/numbers.fallback
3335dd588fac0fb7c810435a5d1bdc3c561efd740c651ba8e692e0023567f118	10397	other	/home/rootitanium/kbd-layouts/vi_VN/symbols.qml
e3b0c44298fc1c149afbf4c8996fb92427ae41e4649b934ca495991b7852b855	0	other	/home/rootitanium/kbd-layouts/zh_CN/dialpad.fallback
e3b0c44298fc1c149afbf4c8996fb92427ae41e4649b934ca495991b7852b855	0	other	/home/rootitanium/kbd-layouts/zh_CN/digits.fallback
b4b7cc5a40b0c575d57ff609ce30e1765b12c8bf41a2b51376387c82feb75d61	2411	other	/home/rootitanium/kbd-layouts/zh_CN/handwriting.qml
4ba20926ee89fd67890c4df29c5a37280c0ecce2afd785aa5ff78f112deda970	4497	other	/home/rootitanium/kbd-layouts/zh_CN/main.qml
e3b0c44298fc1c149afbf4c8996fb92427ae41e4649b934ca495991b7852b855	0	other	/home/rootitanium/kbd-layouts/zh_CN/numbers.fallback
456c1eb5239de61720be4bb1521132bc58423b87359d7fdd4ac99da42c47e66e	13291	other	/home/rootitanium/kbd-layouts/zh_CN/symbols.qml
e3b0c44298fc1c149afbf4c8996fb92427ae41e4649b934ca495991b7852b855	0	other	/home/rootitanium/kbd-layouts/zh_TW/dialpad.fallback
e3b0c44298fc1c149afbf4c8996fb92427ae41e4649b934ca495991b7852b855	0	other	/home/rootitanium/kbd-layouts/zh_TW/digits.fallback
b4b7cc5a40b0c575d57ff609ce30e1765b12c8bf41a2b51376387c82feb75d61	2411	other	/home/rootitanium/kbd-layouts/zh_TW/handwriting.qml
fa1b55df54d93ab6fcc1040675b449c6b33c282ee76fc1835b3965b1e556433f	16536	other	/home/rootitanium/kbd-layouts/zh_TW/main.qml
e3b0c44298fc1c149afbf4c8996fb92427ae41e4649b934ca495991b7852b855	0	other	/home/rootitanium/kbd-layouts/zh_TW/numbers.fallback
3e78f55fa27b417bc47caea9aee5c883b3d899394947e9d88e349a64e09640b3	13287	other	/home/rootitanium/kbd-layouts/zh_TW/symbols.qml
434b464a160ff86691ca427c5eec248ee1f9247cc0984ad67aba71c1dc590d70	4281960	elf	/home/rootitanium/lib/libQt6Core.so.6.8.3
305d64838a326c056e22fd9fdcebd6f8ae6cf3f1c167f9c9cc6559642a0794bd	496608	elf	/home/rootitanium/lib/libQt6DBus.so.6.8.3
d94243923b9be1d8b6fa2c2c8e94e01824fd50a412e7eff209d0124fa42907a1	186924	elf	/home/rootitanium/lib/libQt6EglFSDeviceIntegration.so.6.8.3
9d2a89a7b60b58d61fb262a2de23f42a1b300b836001ec41f741fe24e7c57448	5286596	elf	/home/rootitanium/lib/libQt6Gui.so.6.8.3
abc875ef5c1c225f561ff189223fe43a39e0ffbcb68c6728e2b5c7815553a8f4	34708	elf	/home/rootitanium/lib/libQt6LabsAnimation.so.6.8.3
66296dec75e337c99f5b953c8681d40e667335ae6a5feb7a80adcc8606e5337f	71964	elf	/home/rootitanium/lib/libQt6LabsFolderListModel.so.6.8.3
ae5ff9528e9162711b55ff73e1d67eb985722aa2d64f763fa5b4758182abd1c8	133844	elf	/home/rootitanium/lib/libQt6LabsQmlModels.so.6.8.3
724102a4ffd6eb075719e3b4652267b79c4aed028aab515c6a99930830ad9dad	34708	elf	/home/rootitanium/lib/libQt6LabsSettings.so.6.8.3
b84d1791aaac483a6afd2bea6486083e1c6ec64f250018e6e89148e36af03b8d	30680	elf	/home/rootitanium/lib/libQt6LabsSharedImage.so.6.8.3
4f00e0e6933beeb2ecd669b17b0ca44c9b1c6cde441788ede8863bfa14b94cbd	30616	elf	/home/rootitanium/lib/libQt6LabsWavefrontMesh.so.6.8.3
c0dc11fc11ff32947a667f5bb18331fa36b5edf0dc2da7b9fb47850a32318425	1329492	elf	/home/rootitanium/lib/libQt6Network.so.6.8.3
7f8bc6a4c4bd1bf39a4d6f4f025320c48817490ef330447a339f43a7830bb1da	368016	elf	/home/rootitanium/lib/libQt6OpenGL.so.6.8.3
8762395881cc01117564fb2d8d608ab4aaee5afead497d0bf8f52317ff5e970f	429860	elf	/home/rootitanium/lib/libQt6Positioning.so.6.8.3
255866e3685349d13614a31470169c163dae88289b520450e0b08d96277b2c5e	3976236	elf	/home/rootitanium/lib/libQt6Qml.so.6.8.3
2cacd105eb088e047f1d0a77a1066381f5788fac9cbc3c28c38687b7f01d98f9	86544	elf	/home/rootitanium/lib/libQt6QmlCore.so.6.8.3
c1a610a42f7df82d7127b31214c800daae8bccc6bad27c21d19f1e4c75f50af1	38748	elf	/home/rootitanium/lib/libQt6QmlLocalStorage.so.6.8.3
49a49112b741db66d9c00015d3bc12740df90a5a0c182f9fa412c9c8e24abc92	101008	elf	/home/rootitanium/lib/libQt6QmlMeta.so.6.8.3
f6e1902d63c44d4d8faa2598f675de7a5285936b2175a49e1a604e5c643b7ed3	519328	elf	/home/rootitanium/lib/libQt6QmlModels.so.6.8.3
df90118c177da95bc6f6b9ba17132bb302ce6530829f57853ffdf2e1bf0bfc86	85968	elf	/home/rootitanium/lib/libQt6QmlNetwork.so.6.8.3
92ff0f33a951a2f8bd8686fd0b39ca8f72fe34124b97adf5c988c0dcd17a50fe	47324	elf	/home/rootitanium/lib/libQt6QmlWorkerScript.so.6.8.3
4e0a7a56aaa0dfd99481879d07241514e71b907f50a112c308dad8fdad198ed6	84376	elf	/home/rootitanium/lib/libQt6QmlXmlListModel.so.6.8.3
5cc02478933a075540731f5317b184ae4c62373973fcd72aa0acfd1c813eedc4	4791968	elf	/home/rootitanium/lib/libQt6Quick.so.6.8.3
28682d73f18d76ab5a0aa69405543284e1b2db1f507090c78efd7fbe719ea086	63316	elf	/home/rootitanium/lib/libQt6QuickControls2.so.6.8.3
ffe2ee6a9cf3fc28b0c51362cf7b1e4fbc1e582c04e873b3805ee13d56b55371	1010012	elf	/home/rootitanium/lib/libQt6QuickControls2Basic.so.6.8.3
d05e49c87bc3a6c4b4c15b5ec2c47c10d524a9664cce593ad9f7ca8ecf8d977a	35172	elf	/home/rootitanium/lib/libQt6QuickControls2BasicStyleImpl.so.6.8.3
85f9c415b07a47efd95eb8208c4be384efcd070763b84b8ead4a1c41321e1727	92332	elf	/home/rootitanium/lib/libQt6QuickControls2FluentWinUI3StyleImpl.so.6.8.3
3442a769db6134a80b139517cb961302e34bb0b31404ef20fce93c3fc9d747aa	878620	elf	/home/rootitanium/lib/libQt6QuickControls2Fusion.so.6.8.3
796d558bc05e01709b69e3252419907713c09253f5179762a1733ac3d1807ee5	113188	elf	/home/rootitanium/lib/libQt6QuickControls2FusionStyleImpl.so.6.8.3
5278c6120e1bdb2d9ca1707c8af6a42b30493130714ab1016c545b1cfadbd284	2234588	elf	/home/rootitanium/lib/libQt6QuickControls2Imagine.so.6.8.3
a41258eef52a2450e09546b70c5bd524967d4b5276ffab1e246d08b2e0293587	22180	elf	/home/rootitanium/lib/libQt6QuickControls2ImagineStyleImpl.so.6.8.3
b203a313b91246ec5f8d362182067ead69f479cc603e88011b1fd6d20d9ee38b	207576	elf	/home/rootitanium/lib/libQt6QuickControls2Impl.so.6.8.3
972d28235a4cae99d70fdb948d415db02fa82dc59f5f526667f6ccd33669b3aa	1051244	elf	/home/rootitanium/lib/libQt6QuickControls2Material.so.6.8.3
af83cb11d23b20217a6cfeb78108c73f3361fd82cc8bbb0fc2a8780cb5e671c5	195816	elf	/home/rootitanium/lib/libQt6QuickControls2MaterialStyleImpl.so.6.8.3
50f4bb45ef3816f085a24f6c8e94c2558c8aa4aeff9576a9089bee6cd26de1cf	837996	elf	/home/rootitanium/lib/libQt6QuickControls2Universal.so.6.8.3
654418a90712c5cb389e18006637f359bd888bb34bd53a2239f44f3725824bb6	67944	elf	/home/rootitanium/lib/libQt6QuickControls2UniversalStyleImpl.so.6.8.3
f975284fac690f43fe2165d758f4e1944cf48f050b1b057e5535d33a4b2ecec3	110420	elf	/home/rootitanium/lib/libQt6QuickDialogs2.so.6.8.3
64b50a151f86c668c8dc00dc68729a03578d750a1fa548afb554c403cde4c0ac	1666332	elf	/home/rootitanium/lib/libQt6QuickDialogs2QuickImpl.so.6.8.3
496d9078a7f4b53b9b9e0f50e6dd5646767ce849568d366455c03b5e9a18cb0c	22232	elf	/home/rootitanium/lib/libQt6QuickDialogs2Utils.so.6.8.3
d9cbafdcc5c1b9c34b8e66b0400881f9465e9106bff58103bb4f98f515194b55	268372	elf	/home/rootitanium/lib/libQt6QuickEffects.so.6.8.3
9eb84b4b9ff48b88b6b23e892c13fe65e4c3c4ba1c91dc8cb1bc8bb7aae170b1	155620	elf	/home/rootitanium/lib/libQt6QuickLayouts.so.6.8.3
90ef68ca48615ad9f1e84f66f9383ec71a10ce8ae4403dd3fdc6db91d5ba5a87	450512	elf	/home/rootitanium/lib/libQt6QuickParticles.so.6.8.3
fecdb6aca070b0c4e140cfe9f3a6daaf1888a66b324e695db27adacc5a7fe570	225920	elf	/home/rootitanium/lib/libQt6QuickShapes.so.6.8.3
979b2e64c804c4ef96c29127ebe448c481944c8df24fd7efb7aeb45b1ce67879	1526488	elf	/home/rootitanium/lib/libQt6QuickTemplates2.so.6.8.3
55f4ef046ebc0e990389f195627f7eb79981436bb9f3cc835da5d0ddeb99e371	34904	elf	/home/rootitanium/lib/libQt6QuickVectorImage.so.6.8.3
153d4f5101634aa808e6adef46f66e631787ed3d0fdf6a3d75e00d8df06456b2	108192	elf	/home/rootitanium/lib/libQt6QuickVectorImageGenerator.so.6.8.3
e75eae92864dc03fc7e5567c51ee355d0fdecc06c4d6eb8a364736f0e78fa2b3	199124	elf	/home/rootitanium/lib/libQt6Sql.so.6.8.3
3aa307c8c4eda76ee12d52510d8c62fd8fd35535dd8d11bc79f8ecd13b1738a7	341928	elf	/home/rootitanium/lib/libQt6Svg.so.6.8.3
0c9b774a5b5e4fbed604c35ea41849bb309aed8c90c8577865c5bddbda1bd790	400112	elf	/home/rootitanium/lib/libQt6VirtualKeyboard.so.6.8.3
dbe9b4302abd6f622632c097161a0f0d34b0bf7e42551af30ec42a056a1beb6e	67568	elf	/home/rootitanium/lib/libQt6VirtualKeyboardSettings.so.6.8.3
3513e3362e00cbfb00c6ebab3132a01d335f4ed5590b3a450ee19354fb3aee25	697100	elf	/home/rootitanium/lib/libQt6WaylandClient.so.6.8.3
7ec059aaf6dae8e53a2e7c3abb0afcedd0d7305743420be36a38978914d8e90b	42720	elf	/home/rootitanium/lib/libQt6WaylandEglClientHwIntegration.so.6.8.3
22c0d543aa02d0701f0745afd2a63b399878ea1407787334885e4981a2c18da0	145388	elf	/home/rootitanium/lib/libQt6WebChannel.so.6.8.3
3b70e1449fd58ebb5a6520bd9e17e1bd9b952345ad2174e68509021339711ffc	30836	elf	/home/rootitanium/lib/libQt6WebChannelQuick.so.6.8.3
bf17e6f7eb47cae3359f60d4f7efd500a7c53c614d2d6f6b8f55e133f68516de	119512352	elf	/home/rootitanium/lib/libQt6WebEngineCore.so.6.8.3
4488e6f7d38aeae110e6029df58436c9149383aeabf658b584459977594a644c	536560	elf	/home/rootitanium/lib/libQt6WebEngineQuick.so.6.8.3
f706faec34b07232c2cac92a048495d26a0e74918e661c3d6206ad752c231f1d	132728	elf	/home/rootitanium/lib/libQt6WebEngineQuickDelegatesQml.so.6.8.3
caf27bb2367308190c843ec7d9c231a0587dcc2609f975354bed5a42906f4b34	141868	elf	/home/rootitanium/lib/libQt6WebSockets.so.6.8.3
cfda5f5c4415e1a1e183c37ca72d964fa91e21de6e527635b2659dc5899ed5c3	96336	elf	/home/rootitanium/lib/libQt6WlShellIntegration.so.6.8.3
bc6a3c26a913fa4c9063b997122107194f0244c7604b3cabad3eff9495180128	67192	elf	/home/rootitanium/lib/libatomic.so.1.2.0
96c4aec3ea6f07133fb3e5ad3cc0d520f9d79fd688b248a26025c79c565b7e5c	70416	elf	/home/rootitanium/lib/libbz2.so.1.0.8
67d4299c87620d6e92d26234e30fc21b7e15666ece9658b62428a5d9287fd9a9	2955568	elf	/home/rootitanium/lib/libcrypto.so.3.5.6+git1
69853e76d15c28b98a4829fb1e0f8f77a2646aa1e6f16583dd7c8e154db09c2a	267096	elf	/home/rootitanium/lib/libdbus-1.so.3.38.3
a1ec19951fdbf551253551e1304e8a77eabc61d9c05ea969ba49d8aa9f4ca32a	228912	elf	/home/rootitanium/lib/libevent-2.1.so.7.0.1
bb2e1d5a88c69cb32410eb9803b7e53659a5df81ce8398f2a84892c5dc464690	132804	elf	/home/rootitanium/lib/libexpat.so.1.11.2
f6a6c4640a2192416768d2a1ba857fa3fa6286f10121c4de731e2c931c6cb6bb	67456	elf	/home/rootitanium/lib/libffi.so.8.1.4
0a5016e8891cfecac13e5b550405e6eb185904786a3224a94abec0512faa5da9	198748	elf	/home/rootitanium/lib/libfontconfig.so.1.12.0
36f999827899ad004c7b06c6f2d1f815963b853962f4bc10c4d30f67fd91c717	526720	elf	/home/rootitanium/lib/libfreetype.so.6.20.5
37cde4dd36c50c96f32b06dd4714bbe2af15d406cbde797bf2b9dc7f53e3a8fd	1052244	elf	/home/rootitanium/lib/libglib-2.0.so.0.8600.4
e09d6406282559faaa92befc375d6f76f994570bacd5dc0662c3352b13720a68	67288	elf	/home/rootitanium/lib/libgmodule-2.0.so.0.8600.4
6ce2b0e75edf9cc7993ddefad7fbdb96f9b52f4a25a31cd7207d30f8b83902e6	265860	elf	/home/rootitanium/lib/libgobject-2.0.so.0.8600.4
05738a728135f094ede7e7765a39447bb592b96de80bdd9be56daf4a17988ac5	132748	elf	/home/rootitanium/lib/libgraphite2.so.3.2.1
e97cdeae9929998bb7d9e911976189496f25aeabfb4d259600096ce148c52ad0	67064	elf	/home/rootitanium/lib/libgthread-2.0.so.0.8600.4
c773fad498bc1daee6c38664bf77afb338ff6e6e1667f7a14204de45cbf04952	722992	elf	/home/rootitanium/lib/libharfbuzz-subset.so.0.60811.0
bf62c60b6853807a7d0448bb42a8afb4ba621f56ef8c4b8332b88c59492cf5f0	856196	elf	/home/rootitanium/lib/libharfbuzz.so.0.60811.0
b87d908cddc76ae35353cbcf5156952fece9a7e9c4c14d17ea934dbc0292d544	29473780	elf	/home/rootitanium/lib/libicudata.so.70.1
33634eb738171238a84448c440fb62c7eb9b94f0f3fcd64efc6b301f577a47f4	2074680	elf	/home/rootitanium/lib/libicui18n.so.70.1
be67bf25fa8a913a1490807ff139074393f6f23d106a5b6b9a89227277ac7c9c	1333996	elf	/home/rootitanium/lib/libicuuc.so.70.1
be72ee149a007a86c44658d2950fedab5e14647dd45bc00b5a5023fa2aba9ace	395868	elf	/home/rootitanium/lib/libjpeg.so.62.4.0
c1b52c1780b71e5a761c12aa3d37d89fa441478e0ab35a6a42f5e89b1c7b7b67	200888	elf	/home/rootitanium/lib/libnspr4.so
654abe5b87835d003ff3db5abe981e38cf1680fbbe97a584f8e2cc37ad29a7e4	794052	elf	/home/rootitanium/lib/libnss3.so
c8ef24a32634b97f75535c39675a56c15706008d9c9ec0e76b275a9fd1884e8a	133628	elf	/home/rootitanium/lib/libnssutil3.so
dd8e926287eaafd1b5a531120d7025e0a613fc39482b261818339e0517d552b1	329928	elf	/home/rootitanium/lib/libopus.so.0.11.1
8ae967960d8bbda6ce5fbc031cedfe1ca654c82e92d554e43e8cbf3a52d46f17	460792	elf	/home/rootitanium/lib/libpcre2-16.so.0.14.0
eff7c3bf8056aa9cdd33053da0607ebc5a023761c7dcac374b281d55f6fba1ab	526348	elf	/home/rootitanium/lib/libpcre2-8.so.0.14.0
17aa81777df4e3f6d41399aeab1aaff550c6cf4d6c0a736e707181c1b8de2d80	67224	elf	/home/rootitanium/lib/libplc4.so
8a106a5baff2bafebf1576300625f76c4e61f536ccf3014fcf5c5f404ded574a	67176	elf	/home/rootitanium/lib/libplds4.so
4ae2d4b8ec9de1ed292a846b7ed1fc4c0f50d6bff471fdf74e2db98f4e725786	198988	elf	/home/rootitanium/lib/libpng16.so.16.56.0
e07a3a0b23a51700a54a27951ab11404cb4f8408ead87ad69c073e5be12296b0	67240	elf	/home/rootitanium/lib/libproxy.so.1.0.0
2d5bedad738cbf80b5037592aa60e4c91fde83a592801311b7bb305fda10078c	67264	elf	/home/rootitanium/lib/libresolv.so.2
8249ee4ed0434fae4f92ec3336035c5c4a734757943864e485ba7f60f3d45ae0	67124	elf	/home/rootitanium/lib/libsharpyuv.so.0.1.2
9bacfe53f09cab3502fb84ed9dfe187ba885f6d29194d27dadee18076de4c78a	134136	elf	/home/rootitanium/lib/libsmime3.so
e379714af44cb8900102b36891e4db50979270dc8fea4c1533c81060f1fe7021	461276	elf	/home/rootitanium/lib/libtiff.so.6.2.0
7485f9d700cb0e8ea710fea7733a049e6e5c45e29103ab939dee51edc0977440	68052	elf	/home/rootitanium/lib/libwayland-server.so.0.24.0
49ebb6690cdd383d87df27987be79a4620d4dc10f318a9565ad0eb2427866bf1	264572	elf	/home/rootitanium/lib/libwebp.so.7.2.0
d80b97929f1c1ccc32883c2ed7f1bfb5ff5c4c1e6821ab1949d4a98c8fc0c31e	67196	elf	/home/rootitanium/lib/libwebpdemux.so.2.0.17
30d71976bf8205188d7ca2df63898fc06fca04244c6b51a61ebd0ee138074ef7	67304	elf	/home/rootitanium/lib/libwebpmux.so.3.1.2
6a89696d5ab6a9749d0dc9e2c9c192b8acb0972c0f294f44f9af1576f3a72df0	264204	elf	/home/rootitanium/lib/libxkbcommon.so.0.0.0
c81d53651e1ccdbf9c67595e27635fe18679ca1d838d05e4f63188145d745e3d	67164	elf	/home/rootitanium/lib/libz.so.1.3.1
3d01fc6e0f4c009265a841b4734770b47f8e8a3893659e6071b1133b9d53676b	526420	elf	/home/rootitanium/lib/libzstd.so.1.5.7
915ff859ebb746219ab8b80236fd655c4659dc718e9a1819fbedbbe30606965a	67168	elf	/home/rootitanium/libexec/QtWebEngineProcess
716f5b9e5ff6d06041ed9a69a3edf304f14aa5a13acb502f4232a84253f9ccbb	437277	other	/home/rootitanium/locales/en-US.pak
6cc4f2be944ce14691c6b5fb18a8c6c265de0c9f590465193289ce5638a53ef6	519836	other	/home/rootitanium/locales/it.pak
0ea6f2f3fd721b6a5f69f95f31bbe37e1b103c3224b3520d4f983a3cba85e226	34524	elf	/home/rootitanium/plugins/iconengines/libqsvgicon.so
31d84e2ea427754087b2d624d8b6bd10f3485b3e904914bd44370b2753d1d59f	22272	elf	/home/rootitanium/plugins/imageformats/libqgif.so
a43632163bdf1c337463ebc06133c2affbdf4c1475f965695d4abb3131725dce	22272	elf	/home/rootitanium/plugins/imageformats/libqico.so
160e5621a233d8a05a290502f3e309ee09297718f13a4db662576b42522401b9	34560	elf	/home/rootitanium/plugins/imageformats/libqjpeg.so
73839f16ebf2831c00b93b2bea6ee0f5eb40f2c84bb624616b93bf19cf7ad359	18136	elf	/home/rootitanium/plugins/imageformats/libqsvg.so
460b934272d3789f62e9930eb0faae2c6b786cfb87586d02b19286455351f186	334836	elf	/home/rootitanium/plugins/platforminputcontexts/libmaliitplatforminputcontextplugin.so
3bdf2bf5adef52ec77ae00fa76bf2976743efb42b984608543d5f569b82bbc0a	67240	elf	/home/rootitanium/plugins/platforminputcontexts/libqtvirtualkeyboardplugin.so
a9e250aeb3e431fc94976b5331caad09de448e8838800b61f37d70f7a05b22f4	9984	elf	/home/rootitanium/plugins/platforms/libqeglfs.so
dd1dff7c3f9ed99d6d44b380eb53130a5bf3d97ee824e9aae7c4c5e0acf5bfeb	228104	elf	/home/rootitanium/plugins/platforms/libqlinuxfb.so
bdd1f9902c881661ed6f945e7f65dd8dbf24e74e4174f29fae025aed78c3076d	22276	elf	/home/rootitanium/plugins/platforms/libqminimal.so
d9c1c0b3a07e5e1169b43b854fe7bd2c27b8946bb274fb1b8fe33032214b7b72	26372	elf	/home/rootitanium/plugins/platforms/libqminimalegl.so
c18cd0ee350091c3bc1c3785572244ede0dadadb6a3b4b7332eb64f52f5f5ba7	63236	elf	/home/rootitanium/plugins/platforms/libqoffscreen.so
c103c4ff7aac6b79ce18fa593b2bfc822483e3f1b85c874d8b8aa823a2b1c7e3	71872	elf	/home/rootitanium/plugins/platforms/libqvnc.so
6f54323fb485734d8522fc450e0c0718646078afd3bf59b6bb5102fd8bd4b6bc	14080	elf	/home/rootitanium/plugins/platforms/libqwayland-egl.so
13bcd9c3b749c3cdbc815051c03ab8bb73c55346b1bbc0c42e14b05222327f93	9988	elf	/home/rootitanium/plugins/platforms/libqwayland-generic.so
44f329c475e4e8f37a24655329ef941a02b2794de852beed30c3bf8172a19a34	59328	elf	/home/rootitanium/plugins/sqldrivers/libqsqlite.so
0cf43ce7a6237f3f3cc1069817dc495ca7f5af37185792e0494b042408d5a4f0	22268	elf	/home/rootitanium/plugins/wayland-decoration-client/libbradient.so
6feff23a1203272db7bee14afea270d493636414dadf62388cf460affff1c27d	18204	elf	/home/rootitanium/plugins/wayland-graphics-integration-client/libdmabuf-server.so
e57ba202d352937d078f124e9b818c6c18fdf7c513528f07375142af17f5ab2e	14104	elf	/home/rootitanium/plugins/wayland-graphics-integration-client/libdrm-egl-server.so
00eae9ac216b22610c9a9d79a6ef1fab5ec75d59969b20f7c8befb1edb32a9e2	9992	elf	/home/rootitanium/plugins/wayland-graphics-integration-client/libqt-plugin-wayland-egl.so
81611b1f2fc2cbda7372cb7002cee702a8085b5e1b01d18cf6b7d5c6151bdbc2	14112	elf	/home/rootitanium/plugins/wayland-graphics-integration-client/libshm-emulation-server.so
90b750e6d8817802faf6f9ca15ce698fd1fb710336736eadeb77a3184fa5c677	18212	elf	/home/rootitanium/plugins/wayland-shell-integration/libfullscreen-shell-v1.so
31904869f02f629187f98c06eb6bb46072db7e2c02ef5990c1ca83474cb233d5	30552	elf	/home/rootitanium/plugins/wayland-shell-integration/libivi-shell.so
32f1830c27de219b62bc48efd740fa552dd737a62fea5aa69e506914484b8510	26392	elf	/home/rootitanium/plugins/wayland-shell-integration/libqt-shell.so
6fef9851e3b089ad89b1da483f6f38663ddc73bc145c5d45c610449a231f8541	9984	elf	/home/rootitanium/plugins/wayland-shell-integration/libwl-shell-plugin.so
cd563ae1dc5c55904348f9e4f3b4b124af2124491c0e9a5a84f8d2602ace661d	67692	elf	/home/rootitanium/plugins/wayland-shell-integration/libxdg-shell.so
72b9936e7c6ecf3192c6262e13d251b173221eeb55927f89607d3fa587aef1da	9992	elf	/home/rootitanium/qml/Qt/labs/animation/liblabsanimationplugin.so
2585ae01207b6ea6341e2c6b5c719b90927af213e7ef919692553cc0648cde56	4062	other	/home/rootitanium/qml/Qt/labs/animation/plugins.qmltypes
c5ee8661f41ab4d2e5196ef7f7d5c9baf0e332c37fee567a36957011f6d5f002	221	other	/home/rootitanium/qml/Qt/labs/animation/qmldir
5263cd8846776856491ea9f72695fae59112f6b06d972391074524b1eae9a65b	10000	elf	/home/rootitanium/qml/Qt/labs/folderlistmodel/libqmlfolderlistmodelplugin.so
b75299121ae08065fbf38601079b5477da2dc640a695f95c8ef5f8ec9fae1d8f	6215	other	/home/rootitanium/qml/Qt/labs/folderlistmodel/plugins.qmltypes
cb1d4c91ab43d52ca6dde5aae5a70c0c89811c132f77c69dc98b8820a147cd3a	258	other	/home/rootitanium/qml/Qt/labs/folderlistmodel/qmldir
afe20dae54beb59f9d8d3e8030a6926e4b074e14493df2dec3f05668c2a3d497	9992	elf	/home/rootitanium/qml/Qt/labs/qmlmodels/liblabsmodelsplugin.so
f11281566fdfb75573dbbc9f3f71065c0ce97f408e7a80baafb9d2056fd9a54f	15147	other	/home/rootitanium/qml/Qt/labs/qmlmodels/plugins.qmltypes
8ae287ed00333bfacc893a2d12c9d7238cd4e3b87ebdb5f6922ac5120f0f6ab8	227	other	/home/rootitanium/qml/Qt/labs/qmlmodels/qmldir
f4ae8ada3a94d62c92fc87fda1eff75f668dc006432eff9cfbacfdba5e4cca4f	9992	elf	/home/rootitanium/qml/Qt/labs/settings/libqmlsettingsplugin.so
0eba1d00e20465c4bb59a756980d07743d73ce0eb780bf07fec739eec6802047	1583	other	/home/rootitanium/qml/Qt/labs/settings/plugins.qmltypes
d64c075203250272f6cd6ef9cc46439eb5562985e131abce6fa99fd2d8482f75	197	other	/home/rootitanium/qml/Qt/labs/settings/qmldir
a20bd7d9041d11dda2d5cb969a9e8cb68405b29c1a04e13ccc727635e6c95190	9992	elf	/home/rootitanium/qml/Qt/labs/sharedimage/libsharedimageplugin.so
ca84ba183cd1bd9604f45ce78f039c7e480733d3c65873e6cf4550c1236ef9af	386	other	/home/rootitanium/qml/Qt/labs/sharedimage/plugins.qmltypes
1105aecd71a42298a4e4f4aa51e9d4234810f62e819402d2aca06170a0fb5751	208	other	/home/rootitanium/qml/Qt/labs/sharedimage/qmldir
86a41728994c0e5452e4d51ce5c12233a390618034b2cd9b2b2f6ebfdd354d73	9996	elf	/home/rootitanium/qml/Qt/labs/wavefrontmesh/libqmlwavefrontmeshplugin.so
ccff5ec6e535dd6863a4e40e3b263b42ba3ea7180f8d96a51a62aaf90c2951ff	2428	other	/home/rootitanium/qml/Qt/labs/wavefrontmesh/plugins.qmltypes
5220bbce289d875271be46a6d5b195181ac8261f1b09829d140ea0a21eeb0195	243	other	/home/rootitanium/qml/Qt/labs/wavefrontmesh/qmldir
8ff76fd53324202107be4fed5e1c39b88d6b73076d068dd69a30452f24152988	9988	elf	/home/rootitanium/qml/QtCore/libqtqmlcoreplugin.so
8b2333f2caf9097bf774e4be387a9912154dd7eb9867b11c1a244dd90f741f1b	15242	other	/home/rootitanium/qml/QtCore/plugins.qmltypes
61b27bd68d5b81284cf1ca1c0b4305360427b5b4302aba62bcf77e4bf86cf2f8	208	other	/home/rootitanium/qml/QtCore/qmldir
eb76e28b55af7e844f10d8939a79efe55fb27b9bd8d35927a23492e3f7f3c6fb	9992	elf	/home/rootitanium/qml/QtNetwork/libqmlnetworkplugin.so
e9a60b3e8e943b4cb186da666aa59eb0df94b34e1bede4e12c763d888a39db23	17011	other	/home/rootitanium/qml/QtNetwork/plugins.qmltypes
994a26a0616f7ea51ee404802aebe4eee41ed9739cbc2ed85a808735e728f188	216	other	/home/rootitanium/qml/QtNetwork/qmldir
3449fd024513f3b0fb0f485346c555d499174a51595ef818a0519f4d433f67a8	9988	elf	/home/rootitanium/qml/QtQml/Models/libmodelsplugin.so
a0a87ccf2c06643299890c47a4ff66b355c6664fcafe5662c7a0561a997946b2	51139	other	/home/rootitanium/qml/QtQml/Models/plugins.qmltypes
4abed3b5d84d4252f6bb292998a566b09a21ae4f2a435e6807cf7047fe14c58a	213	other	/home/rootitanium/qml/QtQml/Models/qmldir
7fb1316c0ea6772bc75843879882f700836c5c68e0c048e339e5b5535686ddd1	9992	elf	/home/rootitanium/qml/QtQml/WorkerScript/libworkerscriptplugin.so
520febb8b3efd6a08ca58620a3406ec8e59b186e855af2508cdd905a38d97e77	1358	other	/home/rootitanium/qml/QtQml/WorkerScript/plugins.qmltypes
4ed1b6b0ad3980ae5c882f5c0a4eea8a84bcca35c300f0eec430b89cd30ff768	243	other	/home/rootitanium/qml/QtQml/WorkerScript/qmldir
0880626bf71fe3c2367f6be270a0320a6c47b566e6eb83b6da34f05a0534df5d	9996	elf	/home/rootitanium/qml/QtQml/XmlListModel/libqmlxmllistmodelplugin.so
7ed66e797e17c0c84b81a76503e71033634484dd65e937c8f68673e9a6bb2311	4121	other	/home/rootitanium/qml/QtQml/XmlListModel/plugins.qmltypes
2efbd9034714dd69dcc01bdc784829dcd55ea51b1ea47022f79a153dd6caff1b	234	other	/home/rootitanium/qml/QtQml/XmlListModel/qmldir
db019f72ae0b2462827695103b86335ddb9e9e7eba35d8b9e7f4176d0f79eba5	9984	elf	/home/rootitanium/qml/QtQml/libqmlplugin.so
8b63b9eb3c6af020315f297f92092c28948a1dca3016e15ab30a25d770c63123	6197	other	/home/rootitanium/qml/QtQml/plugins.qmltypes
ff1b83e0cfee28b7dfc809f2acf8d1281e31f037481e80570ad4d23badbc67e2	242	other	/home/rootitanium/qml/QtQml/qmldir
5594fba24be25eb7ba8379d2db4f235b5c408728db0aa641d1fee433cb29443a	547	other	/home/rootitanium/qml/QtQuick/Controls/Basic/AbstractButton.qml
6dc0acacad3c61a64ec685a1e10597a9993812821cd9804e103d5f1fa3eab2ba	204	other	/home/rootitanium/qml/QtQuick/Controls/Basic/Action.qml
709bc56c84a301867e21eddb5c723f6b203dc533cc51c0741deac5f8feb914a4	209	other	/home/rootitanium/qml/QtQuick/Controls/Basic/ActionGroup.qml
2a2633fd792f558ffb8ae3499c98c12a1390126b39c63f9a1e2ade6e958f57c2	293	other	/home/rootitanium/qml/QtQuick/Controls/Basic/ApplicationWindow.qml
906c25574340c4f699196da02671b6ab5b928773093c06b381f97f93fe36ca43	905	other	/home/rootitanium/qml/QtQuick/Controls/Basic/BusyIndicator.qml
edf2f8a25b46c2de8888e263d75ac4ca92e99c20b21a3f7cab97244a2ed85cb3	1881	other	/home/rootitanium/qml/QtQuick/Controls/Basic/Button.qml
6be60ec225390c872cad421d1c441f223086e0f33c2177315476ddc3031b045c	209	other	/home/rootitanium/qml/QtQuick/Controls/Basic/ButtonGroup.qml
ae878b4c539ea140d10d031b2175ec71827519bd0a1b16b3e7e300ca2c007cb5	208	other	/home/rootitanium/qml/QtQuick/Controls/Basic/Calendar.qml
308196e7e64866854122cd56893d69b43664aafb45bec98b76807b67067cc94d	195	other	/home/rootitanium/qml/QtQuick/Controls/Basic/CalendarModel.qml
422311435eeaf3559d95937a97f0c0c713002196cf036eae38de84c0d2fbe761	2297	other	/home/rootitanium/qml/QtQuick/Controls/Basic/CheckBox.qml
2e44c04497e5e2cbe67c616391ac4f93adcf0feaae50d4d5b6b12ce5f0a0a81e	2736	other	/home/rootitanium/qml/QtQuick/Controls/Basic/CheckDelegate.qml
5e94ef575f1532e1c71d42f4644616a4278ed5419095e2a131c86c08b50e728f	4151	other	/home/rootitanium/qml/QtQuick/Controls/Basic/ComboBox.qml
fe106a5202791d026ddc31fe85895b7d24ecd05311821bbdca36684ee9decbda	526	other	/home/rootitanium/qml/QtQuick/Controls/Basic/Container.qml
c16195d42a23d636e43fd8c28b7e427256130dc18c4a0e0257d5e738f162f8ea	540	other	/home/rootitanium/qml/QtQuick/Controls/Basic/Control.qml
ce2c2589399f77ebdaacd71b5801ba6fa505a8e91dc765fa907e617f91a233ae	1086	other	/home/rootitanium/qml/QtQuick/Controls/Basic/DayOfWeekRow.qml
b0f2cb276f6809ca5e627d367d678d630461ea3b5360ee009f4d7eeb81fc048d	2422	other	/home/rootitanium/qml/QtQuick/Controls/Basic/DelayButton.qml
a2172f4edcac02087af4da8fbc73b120900714cf046d6d204ef3dbe38e0d8f9a	1879	other	/home/rootitanium/qml/QtQuick/Controls/Basic/Dial.qml
d8092f456ce94111172f02a30e3302e2244bbdb59c4d9aa2c0725555a5b3149b	1626	other	/home/rootitanium/qml/QtQuick/Controls/Basic/Dialog.qml
751b58fb8d2807c9dfbdaff334e4c7909b765d8a4777a73decb48039a0dccb3d	1301	other	/home/rootitanium/qml/QtQuick/Controls/Basic/DialogButtonBox.qml
b651ebac2ac8e11f1856419c351a6110f795dffbf682618816ea5bce2a2be038	1586	other	/home/rootitanium/qml/QtQuick/Controls/Basic/Drawer.qml
19248caa7abf83c4990495ad5e96e9c5363976093af0f1758b54802ecde700b5	674	other	/home/rootitanium/qml/QtQuick/Controls/Basic/Frame.qml
3eeec2c9cfc1d0352897052abcd7d9809d928f686e8c52f6e2a898f08f6542ee	1282	other	/home/rootitanium/qml/QtQuick/Controls/Basic/GroupBox.qml
81a3c703413e7aebcefa323108d2585b6d7f9b31ff01c11343d2280eedab92ac	1472	other	/home/rootitanium/qml/QtQuick/Controls/Basic/HorizontalHeaderView.qml
962d4ac8c845e4b0008279114952011947a9208efcba88010c1b6b16c3fa0026	1574	other	/home/rootitanium/qml/QtQuick/Controls/Basic/ItemDelegate.qml
953901f333b9c4499b3968826df523d0fa9c5dba44c10f78ada60779d342c73b	323	other	/home/rootitanium/qml/QtQuick/Controls/Basic/Label.qml
e1d84101d1a6a01ea71e831034adb1eeb07b9b7e4c9f5d25488afe121c341c07	1375	other	/home/rootitanium/qml/QtQuick/Controls/Basic/Menu.qml
83e1d5bd1538e8c5da8083ad2cd3e6cf85d60ea144b249fc2fbae0c5e1385a19	816	other	/home/rootitanium/qml/QtQuick/Controls/Basic/MenuBar.qml
0bb468aeadb35c4a7f77f59baf32452632b3f7a2f0ac7bb49e4a71061f8af26f	1281	other	/home/rootitanium/qml/QtQuick/Controls/Basic/MenuBarItem.qml
921ff56d7c94886b71dd4205c638fbf880249a1737da61972e336bac36e1d586	2646	other	/home/rootitanium/qml/QtQuick/Controls/Basic/MenuItem.qml
df960bc31a87e3d2946b7cbb666fdbe3cd936b6d2b1114d230f2d11645e21b79	748	other	/home/rootitanium/qml/QtQuick/Controls/Basic/MenuSeparator.qml
af017fae224eccbdeba4a9f36962abb5a846bfda6cc5fc4af623f83826d110d5	1151	other	/home/rootitanium/qml/QtQuick/Controls/Basic/MonthGrid.qml
f90e8cc91d5d2825f27178526d77e7044a3e3ea64a54fc2da082a5c3d9afc34d	911	other	/home/rootitanium/qml/QtQuick/Controls/Basic/Page.qml
2d5052779fa3766a919e0aa2fb3d782c31132f95443b0b11affe46fb1fb253ae	1101	other	/home/rootitanium/qml/QtQuick/Controls/Basic/PageIndicator.qml
405998ff95969b08156e1fd34bcaa0f8f4702a54c82620cb7e8c09509147b30c	640	other	/home/rootitanium/qml/QtQuick/Controls/Basic/Pane.qml
8701f9efcebed882054c3a9ba91f85f79f5d2f7120f123efce3f6882ba71fc6f	892	other	/home/rootitanium/qml/QtQuick/Controls/Basic/Popup.qml
c54c473738113e3f6e1c88d8c805c070b90fdd2dab82ef20ea2c71a4c35f85da	1038	other	/home/rootitanium/qml/QtQuick/Controls/Basic/ProgressBar.qml
4645740bf06c41a509ae4fb6102c1f269b094d4da0b7df79be01bac491606818	1991	other	/home/rootitanium/qml/QtQuick/Controls/Basic/RadioButton.qml
d117d81ed79f95f520c4ee789018014dd606a603dd6921131d5e6262f8402d49	2430	other	/home/rootitanium/qml/QtQuick/Controls/Basic/RadioDelegate.qml
eade5b9dd9722defd7c2d5c3609a3278874be23b14f67fe404e91ede46c5c905	3273	other	/home/rootitanium/qml/QtQuick/Controls/Basic/RangeSlider.qml
81486b2e509141605d4046cb0eca6fc94df2ef48b21f715595f69d74946f2fd8	1916	other	/home/rootitanium/qml/QtQuick/Controls/Basic/RoundButton.qml
27769b4b121c91cd59712c7cddf1498100290e1495860648d2d7f7dfcfa67085	1491	other	/home/rootitanium/qml/QtQuick/Controls/Basic/ScrollBar.qml
9aa836aeb3e45dfda24bf02a08e9e38ee48928f65c22878e6894aec3b5f4e98b	1260	other	/home/rootitanium/qml/QtQuick/Controls/Basic/ScrollIndicator.qml
69ce788d3767d82fbb59e00389cbaed47edd3e6bbd79e3bdee70b6f74e825542	1024	other	/home/rootitanium/qml/QtQuick/Controls/Basic/ScrollView.qml
6bf7d931cd8fc95cc54ef28050dedf7d8eda616a4b22cf4710e88f5221b504c7	787	other	/home/rootitanium/qml/QtQuick/Controls/Basic/SelectionRectangle.qml
338eca29c01e35b9dee8ff191d7fac9006824f90a61b4f15eca05f4c0cb8b017	2204	other	/home/rootitanium/qml/QtQuick/Controls/Basic/Slider.qml
6d9b53b6736d433d760db12155a4610c2b024cf078a91c30c6e88c7c04e98835	3406	other	/home/rootitanium/qml/QtQuick/Controls/Basic/SpinBox.qml
ce4e11132eac128e6cebb40a768be5cfed7e3ac51e7db888f23ca0980d1cb603	914	other	/home/rootitanium/qml/QtQuick/Controls/Basic/SplitView.qml
663299e39b9abd4c457035b9776855f90a8d806eb245bbddd21292d7901ebda9	1181	other	/home/rootitanium/qml/QtQuick/Controls/Basic/StackView.qml
671b44df30edee2622c006e408875eae4f06ebbe491b9faf97544fdcb5af3756	1548	other	/home/rootitanium/qml/QtQuick/Controls/Basic/SwipeDelegate.qml
81447ebf342a5c5dc150a9e336e1f154e0f1444043ae7126785fd9dbe91b5533	1124	other	/home/rootitanium/qml/QtQuick/Controls/Basic/SwipeView.qml
95dcd91c7da7c1d993b414b1b36be5c857547ed31ad0348d09aa1f500963384f	2219	other	/home/rootitanium/qml/QtQuick/Controls/Basic/Switch.qml
72888039ae35ce91a23ce41abdfeeb7ed4c7bd879a2bfde5e1538c600afced45	2744	other	/home/rootitanium/qml/QtQuick/Controls/Basic/SwitchDelegate.qml
f7751abf5b764d776e430d6eccda376587f5a1c17b31654d8a9ba7df1fda729d	1102	other	/home/rootitanium/qml/QtQuick/Controls/Basic/TabBar.qml
1dfa5483c15bd605f5a70cf255c230e237585a57aa18e6bf2966e31edad39e60	1278	other	/home/rootitanium/qml/QtQuick/Controls/Basic/TabButton.qml
014800c32ddb34df695f46a2ad5087dfd9ba9c445afbff6bd02d7aaa18e3a6e8	1596	other	/home/rootitanium/qml/QtQuick/Controls/Basic/TextArea.qml
66658790bd494013f2cf505735feab6de65932488297e0909b19257cf0cfb158	1846	other	/home/rootitanium/qml/QtQuick/Controls/Basic/TextField.qml
6e258726afa1394f7415ebb2607559dae03cb4e50ac5dedac3e4c95d7558d19b	653	other	/home/rootitanium/qml/QtQuick/Controls/Basic/ToolBar.qml
c3a541449fdeadb29f821f661762de75f39fb90bc4e4a94127ecefd5ce17bc88	1287	other	/home/rootitanium/qml/QtQuick/Controls/Basic/ToolButton.qml
a644fc83bb88e855c61095ea9a73c028e507f94df236f956f3b190260dd3bf6a	814	other	/home/rootitanium/qml/QtQuick/Controls/Basic/ToolSeparator.qml
005eae491087fe074478693f421d378b1e8d391cb690bcee4c553ced36402bd0	1058	other	/home/rootitanium/qml/QtQuick/Controls/Basic/ToolTip.qml
5e8df20158b911d22f6677ef1b1cc7e808d95c3c73164ee7a40a4cdcf7beeaa1	3961	other	/home/rootitanium/qml/QtQuick/Controls/Basic/TreeViewDelegate.qml
ec3d70f86fd0532040889b8f1e413589d0b6f1872f35ba22d0f93ae248a1884b	1755	other	/home/rootitanium/qml/QtQuick/Controls/Basic/Tumbler.qml
82f713c9cdd7b32b89f6808a75dd81722d2100a0bd7337437916bf7d9ecda3ad	1463	other	/home/rootitanium/qml/QtQuick/Controls/Basic/VerticalHeaderView.qml
94907a7f25e5a7f478a819b6cb694a2cb8cd880730fecf5e424662f2b57acd69	1092	other	/home/rootitanium/qml/QtQuick/Controls/Basic/WeekNumberColumn.qml
57c8d619197ba5c14ce8cd9382e6c091f762b6803f4abe2c68cf161c75d3a621	10012	elf	/home/rootitanium/qml/QtQuick/Controls/Basic/impl/libqtquickcontrols2basicstyleimplplugin.so
30002e27f8c263cb85584d7dd5f19475515321e0be327a124ca68913f5216021	4205	other	/home/rootitanium/qml/QtQuick/Controls/Basic/impl/plugins.qmltypes
95dbb76acfcdcaa3b9bf55590796e249666505766ebc1f584754648c64fb7bd9	297	other	/home/rootitanium/qml/QtQuick/Controls/Basic/impl/qmldir
782070da2d1a490c5de804c460007579d47085e8437d28dd67e95c52c3529385	10008	elf	/home/rootitanium/qml/QtQuick/Controls/Basic/libqtquickcontrols2basicstyleplugin.so
fad0be58a17e81004ec24f588a63b703a89a46caa9e446c926797450ad034149	12585	other	/home/rootitanium/qml/QtQuick/Controls/Basic/plugins.qmltypes
4b8486582bada6d43b8b6ba6676d93912e646df7d9114db50fd833a4ce76c92f	3914	other	/home/rootitanium/qml/QtQuick/Controls/Basic/qmldir
fb371d54f0b0cd690e3157f5b148e331fceba43e42bd68d4e555bfb83185ce53	293	other	/home/rootitanium/qml/QtQuick/Controls/FluentWinUI3/ApplicationWindow.qml
866ed38abc3d60c14ead80df26c5c0428e7f1b39e0007d638a2d59da755c7298	2573	other	/home/rootitanium/qml/QtQuick/Controls/FluentWinUI3/BusyIndicator.qml
62ad93c2620ebe423ae9d789384b22f62096b7191b21ba1064c4b89edc629dcc	3093	other	/home/rootitanium/qml/QtQuick/Controls/FluentWinUI3/Button.qml
11d3cd2c2b9419335fc248c3d980f71dd870d9818afb84b56df292926d4d857b	2603	other	/home/rootitanium/qml/QtQuick/Controls/FluentWinUI3/CheckBox.qml
49e7ce6f7b8ce985407b6c6db778da806c85385b1e7d6c8dc57d882084cd48a3	3997	other	/home/rootitanium/qml/QtQuick/Controls/FluentWinUI3/CheckDelegate.qml
b52605a5fafcbaaa154ceef13dbd8aa7db2114a1097c6e1a2fd225847c3b98be	6465	other	/home/rootitanium/qml/QtQuick/Controls/FluentWinUI3/ComboBox.qml
85fc1089a53e391f28fd0face7a166f27e0da26243c3ee88b9a22fce143093f0	1215059	other	/home/rootitanium/qml/QtQuick/Controls/FluentWinUI3/Config.qml
9e9d154258d88235b7117ea909b747787844934499dcf301c448754d9775d1a2	3854	other	/home/rootitanium/qml/QtQuick/Controls/FluentWinUI3/DelayButton.qml
83cfaa7fe3c890f5b67326bbdc76ada8a6a57aeb26a3bbfc933cef2b4765bf2b	3008	other	/home/rootitanium/qml/QtQuick/Controls/FluentWinUI3/Dialog.qml
99da21a3818102c9a5a2eb38934ca686977ce1ffde28ea329157a95043e8b9bf	1634	other	/home/rootitanium/qml/QtQuick/Controls/FluentWinUI3/DialogButtonBox.qml
fd46dd5cc34761fb12e9deb68d65b565848ee1ecd1a49226802c7cc82b4757da	1718	other	/home/rootitanium/qml/QtQuick/Controls/FluentWinUI3/FocusFrame.qml
43abaa227022f60b48a504e06e62c3eab6754142e9368dc44df6bb3c6f141e7c	1240	other	/home/rootitanium/qml/QtQuick/Controls/FluentWinUI3/Frame.qml
7033f35d9ff61cf7832ab1d0cdec72e13b58ea27a0a2c33ca52f4b6a5368ff2d	2667	other	/home/rootitanium/qml/QtQuick/Controls/FluentWinUI3/GroupBox.qml
39d8ee410ba544a1b8471debfaed177a5c89f61e560435de36b62fd1263bd3be	3636	other	/home/rootitanium/qml/QtQuick/Controls/FluentWinUI3/ItemDelegate.qml
0674de05ebd4a45c8a71caa2aae33f94817bb3a2b3ccce8ad502f7adf1af7c4e	1664	other	/home/rootitanium/qml/QtQuick/Controls/FluentWinUI3/Menu.qml
1011f0ef2bb2c159f56dc99f541a4e09254db782ec7858d3cce1164580d43bec	1077	other	/home/rootitanium/qml/QtQuick/Controls/FluentWinUI3/MenuBar.qml
7233bd3e8ab33d0d376fc1ce3b129f0e7af8ba3d2c0e98f5e501cba0db7bee68	2428	other	/home/rootitanium/qml/QtQuick/Controls/FluentWinUI3/MenuBarItem.qml
c4df91fdb7074357fb6d8d247cb688326123e55d509bce3087755a1937e1001a	3008	other	/home/rootitanium/qml/QtQuick/Controls/FluentWinUI3/MenuItem.qml
49513386b02e925b222658c89da2240e718689cb335527c0cc366707daec7985	775	other	/home/rootitanium/qml/QtQuick/Controls/FluentWinUI3/MenuSeparator.qml
7540ee5f1daabd7c23339e136ab1f24fa26e205a4f9c6501f74fd66dd9d2da14	2274	other	/home/rootitanium/qml/QtQuick/Controls/FluentWinUI3/PageIndicator.qml
8c2c34092aa11ba577ada2294218eb7ab57258849cc0ef56b58767b9894b6fef	1862	other	/home/rootitanium/qml/QtQuick/Controls/FluentWinUI3/Popup.qml
ef3045aef8b096844d71cd4bfc14609df2dfbafd33397966356a1a41eebde874	4569	other	/home/rootitanium/qml/QtQuick/Controls/FluentWinUI3/ProgressBar.qml
738cd66d661af8c441c1135a16eab449e94e9da9cc42fe40a6b94b757e0c8460	2498	other	/home/rootitanium/qml/QtQuick/Controls/FluentWinUI3/RadioButton.qml
3a6636a217e2a132b7ca118517849781c8de6ec5393809ea7aa56b65f5daca93	3832	other	/home/rootitanium/qml/QtQuick/Controls/FluentWinUI3/RadioDelegate.qml
bca280f56339529cfb630c20d7985be3f460c4cf88dfd74b8139676431ce5cef	10413	other	/home/rootitanium/qml/QtQuick/Controls/FluentWinUI3/RangeSlider.qml
a55f0e4a0528d65530ef889221b760802a54c174e57c3f4ee37fd5a8873a350b	2782	other	/home/rootitanium/qml/QtQuick/Controls/FluentWinUI3/RoundButton.qml
11da8855081cf99920deccfcb9131f001cf04d1b54bbce3ec25cc172fc4c472e	7202	other	/home/rootitanium/qml/QtQuick/Controls/FluentWinUI3/Slider.qml
0b3151b178638e10d48bb5a1f54f97154b99a67532f92e3e070bc353bcb9c365	4249	other	/home/rootitanium/qml/QtQuick/Controls/FluentWinUI3/SpinBox.qml
56bdda77b050e2ffc2b153eea31f2410e05effc3856ada6f58103d22aec83230	2356	other	/home/rootitanium/qml/QtQuick/Controls/FluentWinUI3/StyleImage.qml
2365fab32b314cbe5ce70f64e0404568705e326a34f58ac869c7473c7a881c73	2775	other	/home/rootitanium/qml/QtQuick/Controls/FluentWinUI3/SwipeDelegate.qml
625c58056f25deb176e7ad58771e0b7056dfdfa8a0dc4b0fd7e2658a79b5cd74	2611	other	/home/rootitanium/qml/QtQuick/Controls/FluentWinUI3/Switch.qml
c6d78d603905b406b5f85cdb45c0d113d5644e52f9e605578479cb85159ec8c3	3880	other	/home/rootitanium/qml/QtQuick/Controls/FluentWinUI3/SwitchDelegate.qml
fcd5b69db5642fef83bbabe697802b201b730469a192fdd4a47466cd092bcd14	1746	other	/home/rootitanium/qml/QtQuick/Controls/FluentWinUI3/TabBar.qml
1e477847922b6839b57eac9ba6e42dcb4c9d09c3a5ca84e0530781c0fbe2c167	3712	other	/home/rootitanium/qml/QtQuick/Controls/FluentWinUI3/TabButton.qml
43fccdaf2ce20812a007f8ef70168ff6a24cfa38a3342bf4e078e3d755fa1230	2712	other	/home/rootitanium/qml/QtQuick/Controls/FluentWinUI3/TextArea.qml
2531dd6d07b45f47a6c36e88c139ae0580761c890e3a879a611991d51a8f488e	2714	other	/home/rootitanium/qml/QtQuick/Controls/FluentWinUI3/TextField.qml
4eb07cd5f211a71493739c1d402915bdfe7a10ff541b7615f93ed66255c78ac2	1223	other	/home/rootitanium/qml/QtQuick/Controls/FluentWinUI3/ToolBar.qml
7276b0cee84c245e43110a0e53a2cc314702842197fc3c38ad9e93e8c33a5d8c	2970	other	/home/rootitanium/qml/QtQuick/Controls/FluentWinUI3/ToolButton.qml
57bf6dc9e57a78978b38e474083ec93b15854d16d8d914b6c020a5985eb0947f	1158	other	/home/rootitanium/qml/QtQuick/Controls/FluentWinUI3/ToolSeparator.qml
c3ce435ce05d808acb7233376c6233a8191a09676cd8df4e74d278372ef14258	2002	other	/home/rootitanium/qml/QtQuick/Controls/FluentWinUI3/ToolTip.qml
c4aad4b26d1304bc4a920fad31fed7b549951855852034ce126a38194e92af56	170	other	/home/rootitanium/qml/QtQuick/Controls/FluentWinUI3/dark/images/checkbox-indicator-checked-disabled.png
d6b25f5b487194c92adf069493a3cf5cc9246a9bd14e333cbad62fb531fbe672	240	other	/home/rootitanium/qml/QtQuick/Controls/FluentWinUI3/dark/images/checkbox-indicator-checked-disabled@2x.png
f401fad41577c884f319583c2da31c804e7915c8d9199c5906895aa8ed78608b	299	other	/home/rootitanium/qml/QtQuick/Controls/FluentWinUI3/dark/images/checkbox-indicator-checked-disabled@3x.png
061273a070d1556f8fed37db950b0158f41b7ab66b2fd8f9f2328a9ee84ac9fc	192	other	/home/rootitanium/qml/QtQuick/Controls/FluentWinUI3/dark/images/checkbox-indicator-checked-hovered.png
041eafd27095db66f2dcd137b39c381394b7a9f44f34409d83ab9e8e50c160b9	268	other	/home/rootitanium/qml/QtQuick/Controls/FluentWinUI3/dark/images/checkbox-indicator-checked-hovered@2x.png
ad869a95540d941ba6acf5329fb949d332bc07a24abbb1e644dcf8149735000f	340	other	/home/rootitanium/qml/QtQuick/Controls/FluentWinUI3/dark/images/checkbox-indicator-checked-hovered@3x.png
7f12b18d6b37e61a32acb287db7d3ae27664a3512cf1061c392e7ee8c598e872	196	other	/home/rootitanium/qml/QtQuick/Controls/FluentWinUI3/dark/images/checkbox-indicator-checked-pressed.png
7ab52e7b2461658cff68eaf42c40b5a405bf7ed84ce0e89ab18936410aa066f8	305	other	/home/rootitanium/qml/QtQuick/Controls/FluentWinUI3/dark/images/checkbox-indicator-checked-pressed@2x.png
dd116ebe0561a5be10b5270747d45ba4533fc552eec27a86bd3d039bfec73e89	358	other	/home/rootitanium/qml/QtQuick/Controls/FluentWinUI3/dark/images/checkbox-indicator-checked-pressed@3x.png
f1437c4bd861b0e72dbc868f2beddabcbba7390dfa0ef615ffc65a6d1a058809	169	other	/home/rootitanium/qml/QtQuick/Controls/FluentWinUI3/dark/images/checkbox-indicator-checked.png
da6467096444fe58b05cff749dd89bed45f413fcc15bf9447554fea332fce5ff	252	other	/home/rootitanium/qml/QtQuick/Controls/FluentWinUI3/dark/images/checkbox-indicator-checked@2x.png
40b65d22a1cb95bd572c064bb1456daa4c471b28e2a2833922b13bc230e840e7	304	other	/home/rootitanium/qml/QtQuick/Controls/FluentWinUI3/dark/images/checkbox-indicator-checked@3x.png
c4aad4b26d1304bc4a920fad31fed7b549951855852034ce126a38194e92af56	170	other	/home/rootitanium/qml/QtQuick/Controls/FluentWinUI3/dark/images/checkbox-indicator-disabled-partiallyChecked.png
d6b25f5b487194c92adf069493a3cf5cc9246a9bd14e333cbad62fb531fbe672	240	other	/home/rootitanium/qml/QtQuick/Controls/FluentWinUI3/dark/images/checkbox-indicator-disabled-partiallyChecked@2x.png
f401fad41577c884f319583c2da31c804e7915c8d9199c5906895aa8ed78608b	299	other	/home/rootitanium/qml/QtQuick/Controls/FluentWinUI3/dark/images/checkbox-indicator-disabled-partiallyChecked@3x.png
2cd7f2413d558a7f38dbc404886d5848267e63394cb1b4af2e80f30bf9460531	201	other	/home/rootitanium/qml/QtQuick/Controls/FluentWinUI3/dark/images/checkbox-indicator-disabled.png
0c0ff167b29d5f594898487ee86f1f07cc91f8a82a90c0cb61cfcf16359cc2e7	286	other	/home/rootitanium/qml/QtQuick/Controls/FluentWinUI3/dark/images/checkbox-indicator-disabled@2x.png
58460a5f5c964599cd328057512b8a2c800d175dc0359a1d3edbd67d11671990	393	other	/home/rootitanium/qml/QtQuick/Controls/FluentWinUI3/dark/images/checkbox-indicator-disabled@3x.png
061273a070d1556f8fed37db950b0158f41b7ab66b2fd8f9f2328a9ee84ac9fc	192	other	/home/rootitanium/qml/QtQuick/Controls/FluentWinUI3/dark/images/checkbox-indicator-hovered-partiallyChecked.png
041eafd27095db66f2dcd137b39c381394b7a9f44f34409d83ab9e8e50c160b9	268	other	/home/rootitanium/qml/QtQuick/Controls/FluentWinUI3/dark/images/checkbox-indicator-hovered-partiallyChecked@2x.png
ad869a95540d941ba6acf5329fb949d332bc07a24abbb1e644dcf8149735000f	340	other	/home/rootitanium/qml/QtQuick/Controls/FluentWinUI3/dark/images/checkbox-indicator-hovered-partiallyChecked@3x.png
b1695e4f8858e441451ab31c097211b387135402669373fc203488057a33fc3b	197	other	/home/rootitanium/qml/QtQuick/Controls/FluentWinUI3/dark/images/checkbox-indicator-hovered.png
cdb65d2e2298a2b1f4da1d718a629c0fb546d9354414601ab589c0f5f37ed065	289	other	/home/rootitanium/qml/QtQuick/Controls/FluentWinUI3/dark/images/checkbox-indicator-hovered@2x.png
b28de81061063f137df59392c9503d626262b9540e72939e59ef178fea2d4031	409	other	/home/rootitanium/qml/QtQuick/Controls/FluentWinUI3/dark/images/checkbox-indicator-hovered@3x.png
7f12b18d6b37e61a32acb287db7d3ae27664a3512cf1061c392e7ee8c598e872	196	other	/home/rootitanium/qml/QtQuick/Controls/FluentWinUI3/dark/images/checkbox-indicator-partiallyChecked-pressed.png
7ab52e7b2461658cff68eaf42c40b5a405bf7ed84ce0e89ab18936410aa066f8	305	other	/home/rootitanium/qml/QtQuick/Controls/FluentWinUI3/dark/images/checkbox-indicator-partiallyChecked-pressed@2x.png
dd116ebe0561a5be10b5270747d45ba4533fc552eec27a86bd3d039bfec73e89	358	other	/home/rootitanium/qml/QtQuick/Controls/FluentWinUI3/dark/images/checkbox-indicator-partiallyChecked-pressed@3x.png
f1437c4bd861b0e72dbc868f2beddabcbba7390dfa0ef615ffc65a6d1a058809	169	other	/home/rootitanium/qml/QtQuick/Controls/FluentWinUI3/dark/images/checkbox-indicator-partiallyChecked.png
da6467096444fe58b05cff749dd89bed45f413fcc15bf9447554fea332fce5ff	252	other	/home/rootitanium/qml/QtQuick/Controls/FluentWinUI3/dark/images/checkbox-indicator-partiallyChecked@2x.png
40b65d22a1cb95bd572c064bb1456daa4c471b28e2a2833922b13bc230e840e7	304	other	/home/rootitanium/qml/QtQuick/Controls/FluentWinUI3/dark/images/checkbox-indicator-partiallyChecked@3x.png
20c320d547988c9ac629ad0bc6105686cde29909cc81d60828530618a5adb171	205	other	/home/rootitanium/qml/QtQuick/Controls/FluentWinUI3/dark/images/checkbox-indicator-pressed.png
f5e8640715967d814eac71fe24372aec4cd8887f38eb13262fbd688440d87697	314	other	/home/rootitanium/qml/QtQuick/Controls/FluentWinUI3/dark/images/checkbox-indicator-pressed@2x.png
081379732fcb07f0c90efb66b52ed55911460357e6f2e8e220a3a26457621e0e	409	other	/home/rootitanium/qml/QtQuick/Controls/FluentWinUI3/dark/images/checkbox-indicator-pressed@3x.png
f35ed022263fd69bc152bcee749a7bbc46b351791222aa0c1b10cac1941f8d83	255	other	/home/rootitanium/qml/QtQuick/Controls/FluentWinUI3/dark/images/checkbox-indicator.png
3058ef48f8ece7decd423e1a40c776dc01e10908219f9fb26a79025ec92e5090	394	other	/home/rootitanium/qml/QtQuick/Controls/FluentWinUI3/dark/images/checkbox-indicator@2x.png
f1531e7a288a65d6772bb2e86dea77d02ab5a4395e593bb69fae7a7832d4bc4e	546	other	/home/rootitanium/qml/QtQuick/Controls/FluentWinUI3/dark/images/checkbox-indicator@3x.png
283f494fec5c1973b6d37c1c9696e427b380bd44c9cd85554b175a4788753ec0	197	other	/home/rootitanium/qml/QtQuick/Controls/FluentWinUI3/dark/images/combobox-background-disabled.png
ccca18f62fdbaa9acc65700bb5d8bc0e144345b6c4d7ebc08612d4d193bb0b26	315	other	/home/rootitanium/qml/QtQuick/Controls/FluentWinUI3/dark/images/combobox-background-disabled@2x.png
c6285ab3831e7e321fb012bd7fa27f4b1b3929b636a244322da3f3e564523f24	479	other	/home/rootitanium/qml/QtQuick/Controls/FluentWinUI3/dark/images/combobox-background-disabled@3x.png
4a094c584b7e0dc23291d778861ead37d087ef0e43574e8d43bae27239648298	310	other	/home/rootitanium/qml/QtQuick/Controls/FluentWinUI3/dark/images/combobox-background-focused.png
d1424af3aeb805bca2375f3c01c885525be4561065ff1118fd5e3fcde63d2757	687	other	/home/rootitanium/qml/QtQuick/Controls/FluentWinUI3/dark/images/combobox-background-focused@2x.png
9bde42438a2f0178ba8c90156c738a4a5fb80578ca70ff6e82810d57d74e7a3e	1146	other	/home/rootitanium/qml/QtQuick/Controls/FluentWinUI3/dark/images/combobox-background-focused@3x.png
56c1447e1b45dc50192644fbc564c99ee8f35cd137211e19f2bd1a9b7b3bc3f3	309	other	/home/rootitanium/qml/QtQuick/Controls/FluentWinUI3/dark/images/combobox-background-hovered-open.png
73bcd2164bdbf69c818d1fbe374398dc5404b2f7ea43279676faaca1d11b4a67	677	other	/home/rootitanium/qml/QtQuick/Controls/FluentWinUI3/dark/images/combobox-background-hovered-open@2x.png
5295fc8dca411d6e83b5049c62b130ecf927e640ed74ff5a57823cc0119259cd	1132	other	/home/rootitanium/qml/QtQuick/Controls/FluentWinUI3/dark/images/combobox-background-hovered-open@3x.png
56c1447e1b45dc50192644fbc564c99ee8f35cd137211e19f2bd1a9b7b3bc3f3	309	other	/home/rootitanium/qml/QtQuick/Controls/FluentWinUI3/dark/images/combobox-background-hovered.png
73bcd2164bdbf69c818d1fbe374398dc5404b2f7ea43279676faaca1d11b4a67	677	other	/home/rootitanium/qml/QtQuick/Controls/FluentWinUI3/dark/images/combobox-background-hovered@2x.png
5295fc8dca411d6e83b5049c62b130ecf927e640ed74ff5a57823cc0119259cd	1132	other	/home/rootitanium/qml/QtQuick/Controls/FluentWinUI3/dark/images/combobox-background-hovered@3x.png
f0174a4122228520b92636fdff14d898ebbcb84db1b5426b5a547bb62aa86e1e	207	other	/home/rootitanium/qml/QtQuick/Controls/FluentWinUI3/dark/images/combobox-background-open-pressed.png
5119e18dc701b43f79e06af81583665d8bc1311fbe56f8d5950cc9a17fe9a4bc	343	other	/home/rootitanium/qml/QtQuick/Controls/FluentWinUI3/dark/images/combobox-background-open-pressed@2x.png
815dca49e52a5b5d75379f0896f6340e90b3b4fcb36a051105f27662f8acd0ed	489	other	/home/rootitanium/qml/QtQuick/Controls/FluentWinUI3/dark/images/combobox-background-open-pressed@3x.png
4a094c584b7e0dc23291d778861ead37d087ef0e43574e8d43bae27239648298	310	other	/home/rootitanium/qml/QtQuick/Controls/FluentWinUI3/dark/images/combobox-background-open.png
d1424af3aeb805bca2375f3c01c885525be4561065ff1118fd5e3fcde63d2757	687	other	/home/rootitanium/qml/QtQuick/Controls/FluentWinUI3/dark/images/combobox-background-open@2x.png
9bde42438a2f0178ba8c90156c738a4a5fb80578ca70ff6e82810d57d74e7a3e	1146	other	/home/rootitanium/qml/QtQuick/Controls/FluentWinUI3/dark/images/combobox-background-open@3x.png
f0174a4122228520b92636fdff14d898ebbcb84db1b5426b5a547bb62aa86e1e	207	other	/home/rootitanium/qml/QtQuick/Controls/FluentWinUI3/dark/images/combobox-background-pressed.png
5119e18dc701b43f79e06af81583665d8bc1311fbe56f8d5950cc9a17fe9a4bc	343	other	/home/rootitanium/qml/QtQuick/Controls/FluentWinUI3/dark/images/combobox-background-pressed@2x.png
815dca49e52a5b5d75379f0896f6340e90b3b4fcb36a051105f27662f8acd0ed	489	other	/home/rootitanium/qml/QtQuick/Controls/FluentWinUI3/dark/images/combobox-background-pressed@3x.png
4a094c584b7e0dc23291d778861ead37d087ef0e43574e8d43bae27239648298	310	other	/home/rootitanium/qml/QtQuick/Controls/FluentWinUI3/dark/images/combobox-background.png
d1424af3aeb805bca2375f3c01c885525be4561065ff1118fd5e3fcde63d2757	687	other	/home/rootitanium/qml/QtQuick/Controls/FluentWinUI3/dark/images/combobox-background@2x.png
9bde42438a2f0178ba8c90156c738a4a5fb80578ca70ff6e82810d57d74e7a3e	1146	other	/home/rootitanium/qml/QtQuick/Controls/FluentWinUI3/dark/images/combobox-background@3x.png
dda8d0d5444670f0a82f7b7aabf1f771d94d0c418f15be75b120137758932c7a	120	other	/home/rootitanium/qml/QtQuick/Controls/FluentWinUI3/dark/images/combobox-indicator-disabled.png
6d584df93b6785277a090e3c2d46ebba057d262253dfcebbb81585a9f48658c1	167	other	/home/rootitanium/qml/QtQuick/Controls/FluentWinUI3/dark/images/combobox-indicator-disabled@2x.png
340dfb8f5d90ee5d986eb4b3570a2b3481ca50048a1a5eb38144e13a598d9bc9	177	other	/home/rootitanium/qml/QtQuick/Controls/FluentWinUI3/dark/images/combobox-indicator-disabled@3x.png
dda8d0d5444670f0a82f7b7aabf1f771d94d0c418f15be75b120137758932c7a	120	other	/home/rootitanium/qml/QtQuick/Controls/FluentWinUI3/dark/images/combobox-indicator-focused.png
6d584df93b6785277a090e3c2d46ebba057d262253dfcebbb81585a9f48658c1	167	other	/home/rootitanium/qml/QtQuick/Controls/FluentWinUI3/dark/images/combobox-indicator-focused@2x.png
340dfb8f5d90ee5d986eb4b3570a2b3481ca50048a1a5eb38144e13a598d9bc9	177	other	/home/rootitanium/qml/QtQuick/Controls/FluentWinUI3/dark/images/combobox-indicator-focused@3x.png
dda8d0d5444670f0a82f7b7aabf1f771d94d0c418f15be75b120137758932c7a	120	other	/home/rootitanium/qml/QtQuick/Controls/FluentWinUI3/dark/images/combobox-indicator-hovered-open.png
6d584df93b6785277a090e3c2d46ebba057d262253dfcebbb81585a9f48658c1	167	other	/home/rootitanium/qml/QtQuick/Controls/FluentWinUI3/dark/images/combobox-indicator-hovered-open@2x.png
340dfb8f5d90ee5d986eb4b3570a2b3481ca50048a1a5eb38144e13a598d9bc9	177	other	/home/rootitanium/qml/QtQuick/Controls/FluentWinUI3/dark/images/combobox-indicator-hovered-open@3x.png
dda8d0d5444670f0a82f7b7aabf1f771d94d0c418f15be75b120137758932c7a	120	other	/home/rootitanium/qml/QtQuick/Controls/FluentWinUI3/dark/images/combobox-indicator-hovered.png
6d584df93b6785277a090e3c2d46ebba057d262253dfcebbb81585a9f48658c1	167	other	/home/rootitanium/qml/QtQuick/Controls/FluentWinUI3/dark/images/combobox-indicator-hovered@2x.png
340dfb8f5d90ee5d986eb4b3570a2b3481ca50048a1a5eb38144e13a598d9bc9	177	other	/home/rootitanium/qml/QtQuick/Controls/FluentWinUI3/dark/images/combobox-indicator-hovered@3x.png
dda8d0d5444670f0a82f7b7aabf1f771d94d0c418f15be75b120137758932c7a	120	other	/home/rootitanium/qml/QtQuick/Controls/FluentWinUI3/dark/images/combobox-indicator-open-pressed.png
6d584df93b6785277a090e3c2d46ebba057d262253dfcebbb81585a9f48658c1	167	other	/home/rootitanium/qml/QtQuick/Controls/FluentWinUI3/dark/images/combobox-indicator-open-pressed@2x.png
340dfb8f5d90ee5d986eb4b3570a2b3481ca50048a1a5eb38144e13a598d9bc9	177	other	/home/rootitanium/qml/QtQuick/Controls/FluentWinUI3/dark/images/combobox-indicator-open-pressed@3x.png
dda8d0d5444670f0a82f7b7aabf1f771d94d0c418f15be75b120137758932c7a	120	other	/home/rootitanium/qml/QtQuick/Controls/FluentWinUI3/dark/images/combobox-indicator-open.png
6d584df93b6785277a090e3c2d46ebba057d262253dfcebbb81585a9f48658c1	167	other	/home/rootitanium/qml/QtQuick/Controls/FluentWinUI3/dark/images/combobox-indicator-open@2x.png
340dfb8f5d90ee5d986eb4b3570a2b3481ca50048a1a5eb38144e13a598d9bc9	177	other	/home/rootitanium/qml/QtQuick/Controls/FluentWinUI3/dark/images/combobox-indicator-open@3x.png
dda8d0d5444670f0a82f7b7aabf1f771d94d0c418f15be75b120137758932c7a	120	other	/home/rootitanium/qml/QtQuick/Controls/FluentWinUI3/dark/images/combobox-indicator-pressed.png
6d584df93b6785277a090e3c2d46ebba057d262253dfcebbb81585a9f48658c1	167	other	/home/rootitanium/qml/QtQuick/Controls/FluentWinUI3/dark/images/combobox-indicator-pressed@2x.png
340dfb8f5d90ee5d986eb4b3570a2b3481ca50048a1a5eb38144e13a598d9bc9	177	other	/home/rootitanium/qml/QtQuick/Controls/FluentWinUI3/dark/images/combobox-indicator-pressed@3x.png
dda8d0d5444670f0a82f7b7aabf1f771d94d0c418f15be75b120137758932c7a	120	other	/home/rootitanium/qml/QtQuick/Controls/FluentWinUI3/dark/images/combobox-indicator.png
6d584df93b6785277a090e3c2d46ebba057d262253dfcebbb81585a9f48658c1	167	other	/home/rootitanium/qml/QtQuick/Controls/FluentWinUI3/dark/images/combobox-indicator@2x.png
340dfb8f5d90ee5d986eb4b3570a2b3481ca50048a1a5eb38144e13a598d9bc9	177	other	/home/rootitanium/qml/QtQuick/Controls/FluentWinUI3/dark/images/combobox-indicator@3x.png
9b2993a8b96673393b17ec53d71cb5862eb2a44ba9fd3c5f465a0bf4638a4b9d	356	other	/home/rootitanium/qml/QtQuick/Controls/FluentWinUI3/dark/images/editablecombobox-background-hovered-open.png
46b24c8416c8b349a455d78475d8bb99ba260fa6ea3b722e15dc312bcd7db53d	745	other	/home/rootitanium/qml/QtQuick/Controls/FluentWinUI3/dark/images/editablecombobox-background-hovered-open@2x.png
04ef55069cbc71bcafcf10807da3e0fbf7db7c205bd6dd88156b30ee0c6f1af1	1257	other	/home/rootitanium/qml/QtQuick/Controls/FluentWinUI3/dark/images/editablecombobox-background-hovered-open@3x.png
9b2993a8b96673393b17ec53d71cb5862eb2a44ba9fd3c5f465a0bf4638a4b9d	356	other	/home/rootitanium/qml/QtQuick/Controls/FluentWinUI3/dark/images/editablecombobox-background-open-pressed.png
46b24c8416c8b349a455d78475d8bb99ba260fa6ea3b722e15dc312bcd7db53d	745	other	/home/rootitanium/qml/QtQuick/Controls/FluentWinUI3/dark/images/editablecombobox-background-open-pressed@2x.png
04ef55069cbc71bcafcf10807da3e0fbf7db7c205bd6dd88156b30ee0c6f1af1	1257	other	/home/rootitanium/qml/QtQuick/Controls/FluentWinUI3/dark/images/editablecombobox-background-open-pressed@3x.png
9b2993a8b96673393b17ec53d71cb5862eb2a44ba9fd3c5f465a0bf4638a4b9d	356	other	/home/rootitanium/qml/QtQuick/Controls/FluentWinUI3/dark/images/editablecombobox-background-open.png
46b24c8416c8b349a455d78475d8bb99ba260fa6ea3b722e15dc312bcd7db53d	745	other	/home/rootitanium/qml/QtQuick/Controls/FluentWinUI3/dark/images/editablecombobox-background-open@2x.png
04ef55069cbc71bcafcf10807da3e0fbf7db7c205bd6dd88156b30ee0c6f1af1	1257	other	/home/rootitanium/qml/QtQuick/Controls/FluentWinUI3/dark/images/editablecombobox-background-open@3x.png
0941ec5da06f1cafe91004c1b035997609ab1eef1f39a9ac5f0bb558dd8f93eb	125	other	/home/rootitanium/qml/QtQuick/Controls/FluentWinUI3/dark/images/editablecombobox-indicator-hovered-open.png
840b43337d232f04aed0b3209a43a0b25bb5f4bb53920620c7e0bcc155743daa	171	other	/home/rootitanium/qml/QtQuick/Controls/FluentWinUI3/dark/images/editablecombobox-indicator-hovered-open@2x.png
b74cf0894a7b42aae0630586e321e3cea282724a16e1ed40322cb39014c0041f	184	other	/home/rootitanium/qml/QtQuick/Controls/FluentWinUI3/dark/images/editablecombobox-indicator-hovered-open@3x.png
0941ec5da06f1cafe91004c1b035997609ab1eef1f39a9ac5f0bb558dd8f93eb	125	other	/home/rootitanium/qml/QtQuick/Controls/FluentWinUI3/dark/images/editablecombobox-indicator-open-pressed.png
840b43337d232f04aed0b3209a43a0b25bb5f4bb53920620c7e0bcc155743daa	171	other	/home/rootitanium/qml/QtQuick/Controls/FluentWinUI3/dark/images/editablecombobox-indicator-open-pressed@2x.png
b74cf0894a7b42aae0630586e321e3cea282724a16e1ed40322cb39014c0041f	184	other	/home/rootitanium/qml/QtQuick/Controls/FluentWinUI3/dark/images/editablecombobox-indicator-open-pressed@3x.png
0941ec5da06f1cafe91004c1b035997609ab1eef1f39a9ac5f0bb558dd8f93eb	125	other	/home/rootitanium/qml/QtQuick/Controls/FluentWinUI3/dark/images/editablecombobox-indicator-open.png
840b43337d232f04aed0b3209a43a0b25bb5f4bb53920620c7e0bcc155743daa	171	other	/home/rootitanium/qml/QtQuick/Controls/FluentWinUI3/dark/images/editablecombobox-indicator-open@2x.png
b74cf0894a7b42aae0630586e321e3cea282724a16e1ed40322cb39014c0041f	184	other	/home/rootitanium/qml/QtQuick/Controls/FluentWinUI3/dark/images/editablecombobox-indicator-open@3x.png
6c6b7c12d0a9080109e8cf1e5ba23a535cf195a85a01fe9bb4a1f66cdda9657c	3947	other	/home/rootitanium/qml/QtQuick/Controls/FluentWinUI3/dark/images/editablecombobox-popup-background-hovered-open.png
26c58314abbab9420da568696af5ff36287b0e569eb15d2c35904a1c7d9a32d8	7741	other	/home/rootitanium/qml/QtQuick/Controls/FluentWinUI3/dark/images/editablecombobox-popup-background-hovered-open@2x.png
1cab68c7c8cf21d2f7a721eaf3e254899685deecbc2b11c2198183c2f19f3602	14818	other	/home/rootitanium/qml/QtQuick/Controls/FluentWinUI3/dark/images/editablecombobox-popup-background-hovered-open@3x.png
6c6b7c12d0a9080109e8cf1e5ba23a535cf195a85a01fe9bb4a1f66cdda9657c	3947	other	/home/rootitanium/qml/QtQuick/Controls/FluentWinUI3/dark/images/editablecombobox-popup-background-open-pressed.png
26c58314abbab9420da568696af5ff36287b0e569eb15d2c35904a1c7d9a32d8	7741	other	/home/rootitanium/qml/QtQuick/Controls/FluentWinUI3/dark/images/editablecombobox-popup-background-open-pressed@2x.png
1cab68c7c8cf21d2f7a721eaf3e254899685deecbc2b11c2198183c2f19f3602	14818	other	/home/rootitanium/qml/QtQuick/Controls/FluentWinUI3/dark/images/editablecombobox-popup-background-open-pressed@3x.png
6c6b7c12d0a9080109e8cf1e5ba23a535cf195a85a01fe9bb4a1f66cdda9657c	3947	other	/home/rootitanium/qml/QtQuick/Controls/FluentWinUI3/dark/images/editablecombobox-popup-background-open.png
26c58314abbab9420da568696af5ff36287b0e569eb15d2c35904a1c7d9a32d8	7741	other	/home/rootitanium/qml/QtQuick/Controls/FluentWinUI3/dark/images/editablecombobox-popup-background-open@2x.png
1cab68c7c8cf21d2f7a721eaf3e254899685deecbc2b11c2198183c2f19f3602	14818	other	/home/rootitanium/qml/QtQuick/Controls/FluentWinUI3/dark/images/editablecombobox-popup-background-open@3x.png
b322d405e63b3f175706528bd45cb8a18aa949ce1ea9e726c62bf59f3f48437f	375	other	/home/rootitanium/qml/QtQuick/Controls/FluentWinUI3/dark/images/frame-background-disabled.png
2f16442c308ee0b60b3cfebc808446f90c72b263dfcfb20e35d30e59be6d8944	645	other	/home/rootitanium/qml/QtQuick/Controls/FluentWinUI3/dark/images/frame-background-disabled@2x.png
d23404eb8e4bd8c8416449e1d07697b3bdf3ec7be58308f7ef92ec59fc6270df	972	other	/home/rootitanium/qml/QtQuick/Controls/FluentWinUI3/dark/images/frame-background-disabled@3x.png
b322d405e63b3f175706528bd45cb8a18aa949ce1ea9e726c62bf59f3f48437f	375	other	/home/rootitanium/qml/QtQuick/Controls/FluentWinUI3/dark/images/frame-background.png
2f16442c308ee0b60b3cfebc808446f90c72b263dfcfb20e35d30e59be6d8944	645	other	/home/rootitanium/qml/QtQuick/Controls/FluentWinUI3/dark/images/frame-background@2x.png
d23404eb8e4bd8c8416449e1d07697b3bdf3ec7be58308f7ef92ec59fc6270df	972	other	/home/rootitanium/qml/QtQuick/Controls/FluentWinUI3/dark/images/frame-background@3x.png
3c5fafbc237f9e5f72829cc66a37dc81bcb531b9f3aeaee91a55469fd7de5073	177	other	/home/rootitanium/qml/QtQuick/Controls/FluentWinUI3/dark/images/itemdelegate-background-highlighted-hovered.png
507fd11cc0ef9c76294413ec13a078a70771235a6379a8e285a8b27b7a7776d7	257	other	/home/rootitanium/qml/QtQuick/Controls/FluentWinUI3/dark/images/itemdelegate-background-highlighted-hovered@2x.png
dbbd1cfbfd6b58d2f6e3b91d388844599b003198cb064d17c00f5ba321dffb75	337	other	/home/rootitanium/qml/QtQuick/Controls/FluentWinUI3/dark/images/itemdelegate-background-highlighted-hovered@3x.png
de44725384503c17a52d22b396d5a49157c32e7255f9ce77cf20c92ea8deb893	179	other	/home/rootitanium/qml/QtQuick/Controls/FluentWinUI3/dark/images/itemdelegate-background-highlighted-pressed.png
2caa3a058dce9e2921d9b91f604319b111eb14032761032f683f112c816ead6a	243	other	/home/rootitanium/qml/QtQuick/Controls/FluentWinUI3/dark/images/itemdelegate-background-highlighted-pressed@2x.png
0c099fa7d7897518b2beea4fed29a22a888065d9034b04e5b27e370d553559f4	339	other	/home/rootitanium/qml/QtQuick/Controls/FluentWinUI3/dark/images/itemdelegate-background-highlighted-pressed@3x.png
3c5fafbc237f9e5f72829cc66a37dc81bcb531b9f3aeaee91a55469fd7de5073	177	other	/home/rootitanium/qml/QtQuick/Controls/FluentWinUI3/dark/images/itemdelegate-background-highlighted.png
507fd11cc0ef9c76294413ec13a078a70771235a6379a8e285a8b27b7a7776d7	257	other	/home/rootitanium/qml/QtQuick/Controls/FluentWinUI3/dark/images/itemdelegate-background-highlighted@2x.png
dbbd1cfbfd6b58d2f6e3b91d388844599b003198cb064d17c00f5ba321dffb75	337	other	/home/rootitanium/qml/QtQuick/Controls/FluentWinUI3/dark/images/itemdelegate-background-highlighted@3x.png
3c5fafbc237f9e5f72829cc66a37dc81bcb531b9f3aeaee91a55469fd7de5073	177	other	/home/rootitanium/qml/QtQuick/Controls/FluentWinUI3/dark/images/itemdelegate-background-hovered.png
507fd11cc0ef9c76294413ec13a078a70771235a6379a8e285a8b27b7a7776d7	257	other	/home/rootitanium/qml/QtQuick/Controls/FluentWinUI3/dark/images/itemdelegate-background-hovered@2x.png
dbbd1cfbfd6b58d2f6e3b91d388844599b003198cb064d17c00f5ba321dffb75	337	other	/home/rootitanium/qml/QtQuick/Controls/FluentWinUI3/dark/images/itemdelegate-background-hovered@3x.png
de44725384503c17a52d22b396d5a49157c32e7255f9ce77cf20c92ea8deb893	179	other	/home/rootitanium/qml/QtQuick/Controls/FluentWinUI3/dark/images/itemdelegate-background-pressed.png
2caa3a058dce9e2921d9b91f604319b111eb14032761032f683f112c816ead6a	243	other	/home/rootitanium/qml/QtQuick/Controls/FluentWinUI3/dark/images/itemdelegate-background-pressed@2x.png
0c099fa7d7897518b2beea4fed29a22a888065d9034b04e5b27e370d553559f4	339	other	/home/rootitanium/qml/QtQuick/Controls/FluentWinUI3/dark/images/itemdelegate-background-pressed@3x.png
0332ea1997dbc4eed3398c8bf9e2a4939bc46ac55126b1043fe0d2daf68942c2	161	other	/home/rootitanium/qml/QtQuick/Controls/FluentWinUI3/dark/images/pageindicatordelegate-indicator-delegate-current-hovered.png
39d64d161525b2cfa3364e050fbf78c02d3f998a904874d1a6afff9c96ad2bed	239	other	/home/rootitanium/qml/QtQuick/Controls/FluentWinUI3/dark/images/pageindicatordelegate-indicator-delegate-current-hovered@2x.png
bf2728748c7b6e745f6d2b667d90cc8d03b651afb7db1e8c75546ce943812dad	281	other	/home/rootitanium/qml/QtQuick/Controls/FluentWinUI3/dark/images/pageindicatordelegate-indicator-delegate-current-hovered@3x.png
7b63fbe111bc307f4d74f119c26a580171aa5638cb956b82d038e625feda0202	154	other	/home/rootitanium/qml/QtQuick/Controls/FluentWinUI3/dark/images/pageindicatordelegate-indicator-delegate-current-pressed.png
fa10cbbe117195afa058ae3807b83b4eddcec767176b31032aca213db862503a	178	other	/home/rootitanium/qml/QtQuick/Controls/FluentWinUI3/dark/images/pageindicatordelegate-indicator-delegate-current-pressed@2x.png
c59e399026af5fc888be26cd766638f6dddd5b79dcccb3c7805a1e38ff0fccf2	230	other	/home/rootitanium/qml/QtQuick/Controls/FluentWinUI3/dark/images/pageindicatordelegate-indicator-delegate-current-pressed@3x.png
7d12934116166305bb9a9039728556ee2e5ab15cdf83d31da685d3e5cea11ed5	145	other	/home/rootitanium/qml/QtQuick/Controls/FluentWinUI3/dark/images/pageindicatordelegate-indicator-delegate-current.png
1205443cd4904d2a4305d474a2081dba0409616d5474e4ca8d7f1ec1f51cd15c	220	other	/home/rootitanium/qml/QtQuick/Controls/FluentWinUI3/dark/images/pageindicatordelegate-indicator-delegate-current@2x.png
5571e639e04ea85a0edda9b9fbab4770f755e5b502eaff2ba8cd060c7f3dfe30	271	other	/home/rootitanium/qml/QtQuick/Controls/FluentWinUI3/dark/images/pageindicatordelegate-indicator-delegate-current@3x.png
845981f93a7c37de8fb26b441f39ae1ac126e88b26db037558b8f27b15a37c5f	94	other	/home/rootitanium/qml/QtQuick/Controls/FluentWinUI3/dark/images/pageindicatordelegate-indicator-delegate-pressed.png
4dca79e071ecd01e8378bbb143167bcfb535e0cafe8ba00679ad24d46d3d9c00	148	other	/home/rootitanium/qml/QtQuick/Controls/FluentWinUI3/dark/images/pageindicatordelegate-indicator-delegate-pressed@2x.png
102808cc3964054161da3128d0fd01be867d014f756eceb6dc2ea4a8597c9791	195	other	/home/rootitanium/qml/QtQuick/Controls/FluentWinUI3/dark/images/pageindicatordelegate-indicator-delegate-pressed@3x.png
bac6c0801e51c298b110ae6098b1465650184a46db292a96f620fae6f7eda229	132	other	/home/rootitanium/qml/QtQuick/Controls/FluentWinUI3/dark/images/pageindicatordelegate-indicator-disabled.png
ebd1c3753989c71021bffc13e8d9c9895d10d46ac87510947077a9383f2f7ad4	162	other	/home/rootitanium/qml/QtQuick/Controls/FluentWinUI3/dark/images/pageindicatordelegate-indicator-disabled@2x.png
2650ec0961ae6dddaefbd1e94c8198effb856e895b994291f7daf4f2bd8899d5	209	other	/home/rootitanium/qml/QtQuick/Controls/FluentWinUI3/dark/images/pageindicatordelegate-indicator-disabled@3x.png
7b63fbe111bc307f4d74f119c26a580171aa5638cb956b82d038e625feda0202	154	other	/home/rootitanium/qml/QtQuick/Controls/FluentWinUI3/dark/images/pageindicatordelegate-indicator-hovered.png
fa10cbbe117195afa058ae3807b83b4eddcec767176b31032aca213db862503a	178	other	/home/rootitanium/qml/QtQuick/Controls/FluentWinUI3/dark/images/pageindicatordelegate-indicator-hovered@2x.png
c59e399026af5fc888be26cd766638f6dddd5b79dcccb3c7805a1e38ff0fccf2	230	other	/home/rootitanium/qml/QtQuick/Controls/FluentWinUI3/dark/images/pageindicatordelegate-indicator-hovered@3x.png
0a9526bd395e2de76d26be925c4a68222f761dbab424a0bcee45a293007ecb98	134	other	/home/rootitanium/qml/QtQuick/Controls/FluentWinUI3/dark/images/pageindicatordelegate-indicator.png
58f8af13921a8c95e8d57e245b1fd6b9b6bec06d532e5a0ea6485faef5501a78	182	other	/home/rootitanium/qml/QtQuick/Controls/FluentWinUI3/dark/images/pageindicatordelegate-indicator@2x.png
c75649360adecdd64cc9ea2f4157675494c5a674711c3e2d028745c89c8c151c	226	other	/home/rootitanium/qml/QtQuick/Controls/FluentWinUI3/dark/images/pageindicatordelegate-indicator@3x.png
c4f5b2c4e11c74af894b336ce842da4f9266c20483b480c427f4fa5d28079d62	6626	other	/home/rootitanium/qml/QtQuick/Controls/FluentWinUI3/dark/images/popup-background.png
b320358b0289e898f3c78b37cc8684344c7141be72dd003bb9d96bfef8554108	15844	other	/home/rootitanium/qml/QtQuick/Controls/FluentWinUI3/dark/images/popup-background@2x.png
e091ae444c166d8019cc7db55d78ffa80ab675b20ce5df1d47fa66111f46af33	38877	other	/home/rootitanium/qml/QtQuick/Controls/FluentWinUI3/dark/images/popup-background@3x.png
71e682b0c7aad5400dca80a96d28a904d8e03bedafe5d7e159f642820137e1c2	82	other	/home/rootitanium/qml/QtQuick/Controls/FluentWinUI3/dark/images/progressbar-groove-disabled.png
7e588670b28ee00a484958ba1af360267722c57fbaa96a52a97624e0ceaee641	99	other	/home/rootitanium/qml/QtQuick/Controls/FluentWinUI3/dark/images/progressbar-groove-disabled@2x.png
8deb5cc7c9ad666e503e99c11ce6d93b12cc76982d4158c106c8449b18111356	111	other	/home/rootitanium/qml/QtQuick/Controls/FluentWinUI3/dark/images/progressbar-groove-disabled@3x.png
be1113ed5fbe64207f61c3ca3f48ade7e4ee7ab3f1da4aa4b3d5ea0a1730868e	82	other	/home/rootitanium/qml/QtQuick/Controls/FluentWinUI3/dark/images/progressbar-groove.png
504d654d1dfb4e51db7404fae255d83d4a31a129be2bbfe7a8fb051503d3be1b	98	other	/home/rootitanium/qml/QtQuick/Controls/FluentWinUI3/dark/images/progressbar-groove@2x.png
9121157f1b0e85bef30367e9c10423d66e65c3efa04f211318eb5e2622a908de	111	other	/home/rootitanium/qml/QtQuick/Controls/FluentWinUI3/dark/images/progressbar-groove@3x.png
9ce440355e2c4d0a56086a3ab1a9d48c6a61c99dab836ff375df9d41dae1c969	275	other	/home/rootitanium/qml/QtQuick/Controls/FluentWinUI3/dark/images/radiobutton-indicator-checked-disabled.png
8a5cac5b604c6df9d5a24c705ff44e07cb9dff0b3b6c2d7f8119fdebdd619c41	397	other	/home/rootitanium/qml/QtQuick/Controls/FluentWinUI3/dark/images/radiobutton-indicator-checked-disabled@2x.png
c6a9b086c6c300d20ff948e5a06454a2adde44ff861284705c7a0f7613417d28	519	other	/home/rootitanium/qml/QtQuick/Controls/FluentWinUI3/dark/images/radiobutton-indicator-checked-disabled@3x.png
e9e821b062204a93abfbd7edcde4857bcfeb39abf48d941330a0db1e44dabab1	358	other	/home/rootitanium/qml/QtQuick/Controls/FluentWinUI3/dark/images/radiobutton-indicator-checked-hovered.png
d62856795de8078a9f7a628b7bf87d5947f21d98573f19d11ff63f3ed0c0621c	573	other	/home/rootitanium/qml/QtQuick/Controls/FluentWinUI3/dark/images/radiobutton-indicator-checked-hovered@2x.png
a3d747abb2d29fe1c7320feb3b21594b9e1091d699bb309fbfc1f225c302d481	743	other	/home/rootitanium/qml/QtQuick/Controls/FluentWinUI3/dark/images/radiobutton-indicator-checked-hovered@3x.png
29c20c745ccbb0824e5e59db0aa487f24c3edddbb7cd9f74e48ab925e1e452a1	382	other	/home/rootitanium/qml/QtQuick/Controls/FluentWinUI3/dark/images/radiobutton-indicator-checked-pressed.png
4b40965e89f54d0d2bce2a8fa6274d59d7918aaa4919a43d6ab74915f20cdc02	616	other	/home/rootitanium/qml/QtQuick/Controls/FluentWinUI3/dark/images/radiobutton-indicator-checked-pressed@2x.png
2c8513039c3cd10ab5f238481d3c8143d44bb5a027644f9cbbcc08222e17408e	795	other	/home/rootitanium/qml/QtQuick/Controls/FluentWinUI3/dark/images/radiobutton-indicator-checked-pressed@3x.png
29bafde4165af7208aea92a587934e5e47ae194f30352a8fbc32452bac7aa853	284	other	/home/rootitanium/qml/QtQuick/Controls/FluentWinUI3/dark/images/radiobutton-indicator-checked.png
36a8466bbb98858c953888097d592ca88136c5cbb3104a37d1a2542ffd5324eb	422	other	/home/rootitanium/qml/QtQuick/Controls/FluentWinUI3/dark/images/radiobutton-indicator-checked@2x.png
60ae40e25f8a5cd072e025ec7dba59ff88f29f8867ae7391638356a1ef0b0f0c	554	other	/home/rootitanium/qml/QtQuick/Controls/FluentWinUI3/dark/images/radiobutton-indicator-checked@3x.png
53911aaf364b6e27d1e2cb23c4d6d3db86e0ff37c15efdf9a3e381b9c3b91f3c	334	other	/home/rootitanium/qml/QtQuick/Controls/FluentWinUI3/dark/images/radiobutton-indicator-disabled.png
ff140888179447374d63a4c610571cbc116282b61c8a90e5d7043887f5cf707d	516	other	/home/rootitanium/qml/QtQuick/Controls/FluentWinUI3/dark/images/radiobutton-indicator-disabled@2x.png
6c56709d6a85a1fa6b66c668ff00d95bd660b42d2aa449fa8c1c23f279b1e0c9	691	other	/home/rootitanium/qml/QtQuick/Controls/FluentWinUI3/dark/images/radiobutton-indicator-disabled@3x.png
fabc6fc0734c2e07c5f5f9058ed891794921623e54083372dcfa8ca6e83ba3c8	395	other	/home/rootitanium/qml/QtQuick/Controls/FluentWinUI3/dark/images/radiobutton-indicator-hovered.png
9b1c4e1eb61ee09b760054a9cb1fb0cbba1e227a4ae174654fb2b1b50366e969	600	other	/home/rootitanium/qml/QtQuick/Controls/FluentWinUI3/dark/images/radiobutton-indicator-hovered@2x.png
975da64ace8e0f24d4b6aa44eb1a13c5e176a4378bea41715e363b81c93eca85	792	other	/home/rootitanium/qml/QtQuick/Controls/FluentWinUI3/dark/images/radiobutton-indicator-hovered@3x.png
16bf75edc456d6d8cc89528a07465c460345f217e0563e2ba68d96e171ef9c8f	421	other	/home/rootitanium/qml/QtQuick/Controls/FluentWinUI3/dark/images/radiobutton-indicator-pressed.png
df820519963b9b2d1e5bc4939d5d34b2f028bb4efe42b01b7281a68cc47a2e04	669	other	/home/rootitanium/qml/QtQuick/Controls/FluentWinUI3/dark/images/radiobutton-indicator-pressed@2x.png
f38aed10a376e2be122c512b0f32ada557cef0420537a6e15621ede1ee53f39a	854	other	/home/rootitanium/qml/QtQuick/Controls/FluentWinUI3/dark/images/radiobutton-indicator-pressed@3x.png
84b20d8e4469bab52afcfb291269f10068d84ff363f7e3c31b02c51eddf62d07	468	other	/home/rootitanium/qml/QtQuick/Controls/FluentWinUI3/dark/images/radiobutton-indicator.png
d74ded155bfe5ffc26d436ca51bdb93c9886c93f029ac4433cf63aa146545e83	713	other	/home/rootitanium/qml/QtQuick/Controls/FluentWinUI3/dark/images/radiobutton-indicator@2x.png
e274631351c4e4b095e5ac33cb221727888a69699878b76e3e97c48e84493925	924	other	/home/rootitanium/qml/QtQuick/Controls/FluentWinUI3/dark/images/radiobutton-indicator@3x.png
e04fbcc696a2ea2a326a1b7bc57f25a0e1b33091e588889da5a9d7015c595022	442	other	/home/rootitanium/qml/QtQuick/Controls/FluentWinUI3/dark/images/rangeslider-first-handle-disabled.png
caf54e636473e19db45d86b01fb79142bf28e916030ec3b60272a14643313460	698	other	/home/rootitanium/qml/QtQuick/Controls/FluentWinUI3/dark/images/rangeslider-first-handle-disabled@2x.png
60f757e557455aef99ad54ae55c3e8d18347fdef0bdc5af176055e154e7b8f38	935	other	/home/rootitanium/qml/QtQuick/Controls/FluentWinUI3/dark/images/rangeslider-first-handle-disabled@3x.png
e04fbcc696a2ea2a326a1b7bc57f25a0e1b33091e588889da5a9d7015c595022	442	other	/home/rootitanium/qml/QtQuick/Controls/FluentWinUI3/dark/images/rangeslider-first-handle-handle-pressed.png
caf54e636473e19db45d86b01fb79142bf28e916030ec3b60272a14643313460	698	other	/home/rootitanium/qml/QtQuick/Controls/FluentWinUI3/dark/images/rangeslider-first-handle-handle-pressed@2x.png
60f757e557455aef99ad54ae55c3e8d18347fdef0bdc5af176055e154e7b8f38	935	other	/home/rootitanium/qml/QtQuick/Controls/FluentWinUI3/dark/images/rangeslider-first-handle-handle-pressed@3x.png
4d5d16a9ef3db072309d531e11057076bfa7b03f4f47f6bd8a7d89d1fe0bd39b	493	other	/home/rootitanium/qml/QtQuick/Controls/FluentWinUI3/dark/images/rangeslider-first-handle-hovered.png
6001207502a85ce95a405c9100e575994dab92e04fd28c1c66eefc69c52dc3ad	875	other	/home/rootitanium/qml/QtQuick/Controls/FluentWinUI3/dark/images/rangeslider-first-handle-hovered@2x.png
f38227a12d179e016f9b2696d3dc8ec4c6c96c275cfccbe839dd5ba0c51d9b26	1283	other	/home/rootitanium/qml/QtQuick/Controls/FluentWinUI3/dark/images/rangeslider-first-handle-hovered@3x.png
4d5d16a9ef3db072309d531e11057076bfa7b03f4f47f6bd8a7d89d1fe0bd39b	493	other	/home/rootitanium/qml/QtQuick/Controls/FluentWinUI3/dark/images/rangeslider-first-handle.png
6001207502a85ce95a405c9100e575994dab92e04fd28c1c66eefc69c52dc3ad	875	other	/home/rootitanium/qml/QtQuick/Controls/FluentWinUI3/dark/images/rangeslider-first-handle@2x.png
f38227a12d179e016f9b2696d3dc8ec4c6c96c275cfccbe839dd5ba0c51d9b26	1283	other	/home/rootitanium/qml/QtQuick/Controls/FluentWinUI3/dark/images/rangeslider-first-handle@3x.png
4bcd78b285a999d92de0952dd6471b27f87a6fcf738c1ff5d93c5af0f73c7fd7	129	other	/home/rootitanium/qml/QtQuick/Controls/FluentWinUI3/dark/images/rangeslider-groove-disabled.png
e47084ad2bb0adebc3ca68114441a21e9595ca0c4e4de717b119dd9811f6a32d	164	other	/home/rootitanium/qml/QtQuick/Controls/FluentWinUI3/dark/images/rangeslider-groove-disabled@2x.png
f833e5414892b775f1d4dd49862f06d4404cdd78c96306c90c206d66b9f78ab7	216	other	/home/rootitanium/qml/QtQuick/Controls/FluentWinUI3/dark/images/rangeslider-groove-disabled@3x.png
8fb94be57391e3b4247b3ea1fa38be1a36adb36b3ae4d056f84c441afd801968	129	other	/home/rootitanium/qml/QtQuick/Controls/FluentWinUI3/dark/images/rangeslider-groove-handle-pressed.png
b2e9b5268db1594656d584a35cc7083fcc5fb41b6768dbd7448054d1904d780d	183	other	/home/rootitanium/qml/QtQuick/Controls/FluentWinUI3/dark/images/rangeslider-groove-handle-pressed@2x.png
ef0d766bdcffd4ba13bbe77dd451ce94e79d38c6b11e6db761aaa352ceae7d36	231	other	/home/rootitanium/qml/QtQuick/Controls/FluentWinUI3/dark/images/rangeslider-groove-handle-pressed@3x.png
8fb94be57391e3b4247b3ea1fa38be1a36adb36b3ae4d056f84c441afd801968	129	other	/home/rootitanium/qml/QtQuick/Controls/FluentWinUI3/dark/images/rangeslider-groove-hovered.png
b2e9b5268db1594656d584a35cc7083fcc5fb41b6768dbd7448054d1904d780d	183	other	/home/rootitanium/qml/QtQuick/Controls/FluentWinUI3/dark/images/rangeslider-groove-hovered@2x.png
ef0d766bdcffd4ba13bbe77dd451ce94e79d38c6b11e6db761aaa352ceae7d36	231	other	/home/rootitanium/qml/QtQuick/Controls/FluentWinUI3/dark/images/rangeslider-groove-hovered@3x.png
8fb94be57391e3b4247b3ea1fa38be1a36adb36b3ae4d056f84c441afd801968	129	other	/home/rootitanium/qml/QtQuick/Controls/FluentWinUI3/dark/images/rangeslider-groove.png
b2e9b5268db1594656d584a35cc7083fcc5fb41b6768dbd7448054d1904d780d	183	other	/home/rootitanium/qml/QtQuick/Controls/FluentWinUI3/dark/images/rangeslider-groove@2x.png
ef0d766bdcffd4ba13bbe77dd451ce94e79d38c6b11e6db761aaa352ceae7d36	231	other	/home/rootitanium/qml/QtQuick/Controls/FluentWinUI3/dark/images/rangeslider-groove@3x.png
e04fbcc696a2ea2a326a1b7bc57f25a0e1b33091e588889da5a9d7015c595022	442	other	/home/rootitanium/qml/QtQuick/Controls/FluentWinUI3/dark/images/rangeslider-second-handle-disabled.png
caf54e636473e19db45d86b01fb79142bf28e916030ec3b60272a14643313460	698	other	/home/rootitanium/qml/QtQuick/Controls/FluentWinUI3/dark/images/rangeslider-second-handle-disabled@2x.png
60f757e557455aef99ad54ae55c3e8d18347fdef0bdc5af176055e154e7b8f38	935	other	/home/rootitanium/qml/QtQuick/Controls/FluentWinUI3/dark/images/rangeslider-second-handle-disabled@3x.png
e04fbcc696a2ea2a326a1b7bc57f25a0e1b33091e588889da5a9d7015c595022	442	other	/home/rootitanium/qml/QtQuick/Controls/FluentWinUI3/dark/images/rangeslider-second-handle-handle-pressed.png
caf54e636473e19db45d86b01fb79142bf28e916030ec3b60272a14643313460	698	other	/home/rootitanium/qml/QtQuick/Controls/FluentWinUI3/dark/images/rangeslider-second-handle-handle-pressed@2x.png
60f757e557455aef99ad54ae55c3e8d18347fdef0bdc5af176055e154e7b8f38	935	other	/home/rootitanium/qml/QtQuick/Controls/FluentWinUI3/dark/images/rangeslider-second-handle-handle-pressed@3x.png
4d5d16a9ef3db072309d531e11057076bfa7b03f4f47f6bd8a7d89d1fe0bd39b	493	other	/home/rootitanium/qml/QtQuick/Controls/FluentWinUI3/dark/images/rangeslider-second-handle-hovered.png
6001207502a85ce95a405c9100e575994dab92e04fd28c1c66eefc69c52dc3ad	875	other	/home/rootitanium/qml/QtQuick/Controls/FluentWinUI3/dark/images/rangeslider-second-handle-hovered@2x.png
f38227a12d179e016f9b2696d3dc8ec4c6c96c275cfccbe839dd5ba0c51d9b26	1283	other	/home/rootitanium/qml/QtQuick/Controls/FluentWinUI3/dark/images/rangeslider-second-handle-hovered@3x.png
4d5d16a9ef3db072309d531e11057076bfa7b03f4f47f6bd8a7d89d1fe0bd39b	493	other	/home/rootitanium/qml/QtQuick/Controls/FluentWinUI3/dark/images/rangeslider-second-handle.png
6001207502a85ce95a405c9100e575994dab92e04fd28c1c66eefc69c52dc3ad	875	other	/home/rootitanium/qml/QtQuick/Controls/FluentWinUI3/dark/images/rangeslider-second-handle@2x.png
f38227a12d179e016f9b2696d3dc8ec4c6c96c275cfccbe839dd5ba0c51d9b26	1283	other	/home/rootitanium/qml/QtQuick/Controls/FluentWinUI3/dark/images/rangeslider-second-handle@3x.png
e34a911648d953819e108f79f430a8fc8a0439a3f6c6a3286ac0b8a68a0f06f0	131	other	/home/rootitanium/qml/QtQuick/Controls/FluentWinUI3/dark/images/slider-groove-disabled.png
8aea9e49806b2cc61b975f582d8f00ffd57f0b5c18a08658f4f87ef728a52620	172	other	/home/rootitanium/qml/QtQuick/Controls/FluentWinUI3/dark/images/slider-groove-disabled@2x.png
a0903efe27e3d2122f12c226daad6a3eb251d9cccb2687508692e7faf63aa9f2	217	other	/home/rootitanium/qml/QtQuick/Controls/FluentWinUI3/dark/images/slider-groove-disabled@3x.png
dc8861aaef091c7030bb95734be7ca69b41f64440368e823ee02df899cfb452d	130	other	/home/rootitanium/qml/QtQuick/Controls/FluentWinUI3/dark/images/slider-groove-hovered.png
30544b5f1ecbc6ff7dca896b1493ee57864d121cce3cf63e274ca0a1ae075c53	185	other	/home/rootitanium/qml/QtQuick/Controls/FluentWinUI3/dark/images/slider-groove-hovered@2x.png
5485c7bd8be92e5a94e08bb94090fd6128e063114af8679482154398ea4b8c8c	232	other	/home/rootitanium/qml/QtQuick/Controls/FluentWinUI3/dark/images/slider-groove-hovered@3x.png
dc8861aaef091c7030bb95734be7ca69b41f64440368e823ee02df899cfb452d	130	other	/home/rootitanium/qml/QtQuick/Controls/FluentWinUI3/dark/images/slider-groove-pressed.png
30544b5f1ecbc6ff7dca896b1493ee57864d121cce3cf63e274ca0a1ae075c53	185	other	/home/rootitanium/qml/QtQuick/Controls/FluentWinUI3/dark/images/slider-groove-pressed@2x.png
5485c7bd8be92e5a94e08bb94090fd6128e063114af8679482154398ea4b8c8c	232	other	/home/rootitanium/qml/QtQuick/Controls/FluentWinUI3/dark/images/slider-groove-pressed@3x.png
dc8861aaef091c7030bb95734be7ca69b41f64440368e823ee02df899cfb452d	130	other	/home/rootitanium/qml/QtQuick/Controls/FluentWinUI3/dark/images/slider-groove.png
30544b5f1ecbc6ff7dca896b1493ee57864d121cce3cf63e274ca0a1ae075c53	185	other	/home/rootitanium/qml/QtQuick/Controls/FluentWinUI3/dark/images/slider-groove@2x.png
5485c7bd8be92e5a94e08bb94090fd6128e063114af8679482154398ea4b8c8c	232	other	/home/rootitanium/qml/QtQuick/Controls/FluentWinUI3/dark/images/slider-groove@3x.png
e04fbcc696a2ea2a326a1b7bc57f25a0e1b33091e588889da5a9d7015c595022	442	other	/home/rootitanium/qml/QtQuick/Controls/FluentWinUI3/dark/images/slider-handle-disabled.png
caf54e636473e19db45d86b01fb79142bf28e916030ec3b60272a14643313460	698	other	/home/rootitanium/qml/QtQuick/Controls/FluentWinUI3/dark/images/slider-handle-disabled@2x.png
60f757e557455aef99ad54ae55c3e8d18347fdef0bdc5af176055e154e7b8f38	935	other	/home/rootitanium/qml/QtQuick/Controls/FluentWinUI3/dark/images/slider-handle-disabled@3x.png
4d5d16a9ef3db072309d531e11057076bfa7b03f4f47f6bd8a7d89d1fe0bd39b	493	other	/home/rootitanium/qml/QtQuick/Controls/FluentWinUI3/dark/images/slider-handle-hovered.png
6001207502a85ce95a405c9100e575994dab92e04fd28c1c66eefc69c52dc3ad	875	other	/home/rootitanium/qml/QtQuick/Controls/FluentWinUI3/dark/images/slider-handle-hovered@2x.png
f38227a12d179e016f9b2696d3dc8ec4c6c96c275cfccbe839dd5ba0c51d9b26	1283	other	/home/rootitanium/qml/QtQuick/Controls/FluentWinUI3/dark/images/slider-handle-hovered@3x.png
e04fbcc696a2ea2a326a1b7bc57f25a0e1b33091e588889da5a9d7015c595022	442	other	/home/rootitanium/qml/QtQuick/Controls/FluentWinUI3/dark/images/slider-handle-pressed.png
caf54e636473e19db45d86b01fb79142bf28e916030ec3b60272a14643313460	698	other	/home/rootitanium/qml/QtQuick/Controls/FluentWinUI3/dark/images/slider-handle-pressed@2x.png
60f757e557455aef99ad54ae55c3e8d18347fdef0bdc5af176055e154e7b8f38	935	other	/home/rootitanium/qml/QtQuick/Controls/FluentWinUI3/dark/images/slider-handle-pressed@3x.png
4d5d16a9ef3db072309d531e11057076bfa7b03f4f47f6bd8a7d89d1fe0bd39b	493	other	/home/rootitanium/qml/QtQuick/Controls/FluentWinUI3/dark/images/slider-handle.png
6001207502a85ce95a405c9100e575994dab92e04fd28c1c66eefc69c52dc3ad	875	other	/home/rootitanium/qml/QtQuick/Controls/FluentWinUI3/dark/images/slider-handle@2x.png
f38227a12d179e016f9b2696d3dc8ec4c6c96c275cfccbe839dd5ba0c51d9b26	1283	other	/home/rootitanium/qml/QtQuick/Controls/FluentWinUI3/dark/images/slider-handle@3x.png
237ff3516492b63b2ed41562ea6e3b983f277a2375f12d427a0a7769cec15043	317	other	/home/rootitanium/qml/QtQuick/Controls/FluentWinUI3/dark/images/spinbox-background-atlimit.png
349cb567bded99187024758d0cb9cda60b55227a4d7fe1763f7f41753f692d7c	683	other	/home/rootitanium/qml/QtQuick/Controls/FluentWinUI3/dark/images/spinbox-background-atlimit@2x.png
4c9186092eabc6788e704b074423e009cd3b80a8d5de0bb1ada6f7599f91bb9c	1138	other	/home/rootitanium/qml/QtQuick/Controls/FluentWinUI3/dark/images/spinbox-background-atlimit@3x.png
2cb7f1651e32fbf5c8e1827893cb981ebe61c4bfd497c68e935c1b755c5f32d8	196	other	/home/rootitanium/qml/QtQuick/Controls/FluentWinUI3/dark/images/spinbox-background-disabled.png
d5c6469d28db4fe206b5d131dc6b5b4147590d2e635c7892dd50923ea7eeb74b	312	other	/home/rootitanium/qml/QtQuick/Controls/FluentWinUI3/dark/images/spinbox-background-disabled@2x.png
f6447ac887642300c83adbdc156f4b5540a4b309ae44abfb7f62a99f6addb2f2	470	other	/home/rootitanium/qml/QtQuick/Controls/FluentWinUI3/dark/images/spinbox-background-disabled@3x.png
237ff3516492b63b2ed41562ea6e3b983f277a2375f12d427a0a7769cec15043	317	other	/home/rootitanium/qml/QtQuick/Controls/FluentWinUI3/dark/images/spinbox-background-down-hovered.png
349cb567bded99187024758d0cb9cda60b55227a4d7fe1763f7f41753f692d7c	683	other	/home/rootitanium/qml/QtQuick/Controls/FluentWinUI3/dark/images/spinbox-background-down-hovered@2x.png
4c9186092eabc6788e704b074423e009cd3b80a8d5de0bb1ada6f7599f91bb9c	1138	other	/home/rootitanium/qml/QtQuick/Controls/FluentWinUI3/dark/images/spinbox-background-down-hovered@3x.png
237ff3516492b63b2ed41562ea6e3b983f277a2375f12d427a0a7769cec15043	317	other	/home/rootitanium/qml/QtQuick/Controls/FluentWinUI3/dark/images/spinbox-background-down-pressed.png
349cb567bded99187024758d0cb9cda60b55227a4d7fe1763f7f41753f692d7c	683	other	/home/rootitanium/qml/QtQuick/Controls/FluentWinUI3/dark/images/spinbox-background-down-pressed@2x.png
4c9186092eabc6788e704b074423e009cd3b80a8d5de0bb1ada6f7599f91bb9c	1138	other	/home/rootitanium/qml/QtQuick/Controls/FluentWinUI3/dark/images/spinbox-background-down-pressed@3x.png
c764853b9a6dea00ec37c87fe530151e20f9753b186a19b9371ab0c186ff427b	314	other	/home/rootitanium/qml/QtQuick/Controls/FluentWinUI3/dark/images/spinbox-background-hovered.png
e00f885206eb8f5b8f0ffedf6e0a42a59a5a77e4abb8a70f1f11eaf384c0bf75	670	other	/home/rootitanium/qml/QtQuick/Controls/FluentWinUI3/dark/images/spinbox-background-hovered@2x.png
efdd18bda72b30155badc73a28c00fdd8c6b0e92d8f5d85396d676b8f7711235	1120	other	/home/rootitanium/qml/QtQuick/Controls/FluentWinUI3/dark/images/spinbox-background-hovered@3x.png
237ff3516492b63b2ed41562ea6e3b983f277a2375f12d427a0a7769cec15043	317	other	/home/rootitanium/qml/QtQuick/Controls/FluentWinUI3/dark/images/spinbox-background-up-hovered.png
349cb567bded99187024758d0cb9cda60b55227a4d7fe1763f7f41753f692d7c	683	other	/home/rootitanium/qml/QtQuick/Controls/FluentWinUI3/dark/images/spinbox-background-up-hovered@2x.png
4c9186092eabc6788e704b074423e009cd3b80a8d5de0bb1ada6f7599f91bb9c	1138	other	/home/rootitanium/qml/QtQuick/Controls/FluentWinUI3/dark/images/spinbox-background-up-hovered@3x.png
237ff3516492b63b2ed41562ea6e3b983f277a2375f12d427a0a7769cec15043	317	other	/home/rootitanium/qml/QtQuick/Controls/FluentWinUI3/dark/images/spinbox-background-up-pressed.png
349cb567bded99187024758d0cb9cda60b55227a4d7fe1763f7f41753f692d7c	683	other	/home/rootitanium/qml/QtQuick/Controls/FluentWinUI3/dark/images/spinbox-background-up-pressed@2x.png
4c9186092eabc6788e704b074423e009cd3b80a8d5de0bb1ada6f7599f91bb9c	1138	other	/home/rootitanium/qml/QtQuick/Controls/FluentWinUI3/dark/images/spinbox-background-up-pressed@3x.png
237ff3516492b63b2ed41562ea6e3b983f277a2375f12d427a0a7769cec15043	317	other	/home/rootitanium/qml/QtQuick/Controls/FluentWinUI3/dark/images/spinbox-background.png
349cb567bded99187024758d0cb9cda60b55227a4d7fe1763f7f41753f692d7c	683	other	/home/rootitanium/qml/QtQuick/Controls/FluentWinUI3/dark/images/spinbox-background@2x.png
4c9186092eabc6788e704b074423e009cd3b80a8d5de0bb1ada6f7599f91bb9c	1138	other	/home/rootitanium/qml/QtQuick/Controls/FluentWinUI3/dark/images/spinbox-background@3x.png
8285acc7fe450d3a72eed1432566f7aa90af7ee33a154aa7402dc707018979b7	83	other	/home/rootitanium/qml/QtQuick/Controls/FluentWinUI3/dark/images/spinbox-indicator-down-background-atlimit.png
4a812392a115a37694707507b84dc3c789fb3880c298cce2a7d31f1d837f601f	92	other	/home/rootitanium/qml/QtQuick/Controls/FluentWinUI3/dark/images/spinbox-indicator-down-background-atlimit@2x.png
02530ad19a6a050f2813c5d801a9fe75c9b0fbf4508491c6abb1bbdb72b28734	101	other	/home/rootitanium/qml/QtQuick/Controls/FluentWinUI3/dark/images/spinbox-indicator-down-background-atlimit@3x.png
8285acc7fe450d3a72eed1432566f7aa90af7ee33a154aa7402dc707018979b7	83	other	/home/rootitanium/qml/QtQuick/Controls/FluentWinUI3/dark/images/spinbox-indicator-down-background-disabled.png
4a812392a115a37694707507b84dc3c789fb3880c298cce2a7d31f1d837f601f	92	other	/home/rootitanium/qml/QtQuick/Controls/FluentWinUI3/dark/images/spinbox-indicator-down-background-disabled@2x.png
02530ad19a6a050f2813c5d801a9fe75c9b0fbf4508491c6abb1bbdb72b28734	101	other	/home/rootitanium/qml/QtQuick/Controls/FluentWinUI3/dark/images/spinbox-indicator-down-background-disabled@3x.png
7b24c72a494b81a4e61be17014a8c5bfa2dfd457fbff4cbec0845793d3fca0b4	166	other	/home/rootitanium/qml/QtQuick/Controls/FluentWinUI3/dark/images/spinbox-indicator-down-background-down-hovered.png
96248a359822f167a7195dd2e4c93099701c65c93d470157d1ebab9164b086f3	233	other	/home/rootitanium/qml/QtQuick/Controls/FluentWinUI3/dark/images/spinbox-indicator-down-background-down-hovered@2x.png
2a9ce212f759efaee2773d7f22e13dd91c5da7dd0fddba2882b10e7d03bd4a5c	305	other	/home/rootitanium/qml/QtQuick/Controls/FluentWinUI3/dark/images/spinbox-indicator-down-background-down-hovered@3x.png
7b24c72a494b81a4e61be17014a8c5bfa2dfd457fbff4cbec0845793d3fca0b4	166	other	/home/rootitanium/qml/QtQuick/Controls/FluentWinUI3/dark/images/spinbox-indicator-down-background-down-pressed.png
96248a359822f167a7195dd2e4c93099701c65c93d470157d1ebab9164b086f3	233	other	/home/rootitanium/qml/QtQuick/Controls/FluentWinUI3/dark/images/spinbox-indicator-down-background-down-pressed@2x.png
2a9ce212f759efaee2773d7f22e13dd91c5da7dd0fddba2882b10e7d03bd4a5c	305	other	/home/rootitanium/qml/QtQuick/Controls/FluentWinUI3/dark/images/spinbox-indicator-down-background-down-pressed@3x.png
8285acc7fe450d3a72eed1432566f7aa90af7ee33a154aa7402dc707018979b7	83	other	/home/rootitanium/qml/QtQuick/Controls/FluentWinUI3/dark/images/spinbox-indicator-down-background-hovered.png
4a812392a115a37694707507b84dc3c789fb3880c298cce2a7d31f1d837f601f	92	other	/home/rootitanium/qml/QtQuick/Controls/FluentWinUI3/dark/images/spinbox-indicator-down-background-hovered@2x.png
02530ad19a6a050f2813c5d801a9fe75c9b0fbf4508491c6abb1bbdb72b28734	101	other	/home/rootitanium/qml/QtQuick/Controls/FluentWinUI3/dark/images/spinbox-indicator-down-background-hovered@3x.png
8285acc7fe450d3a72eed1432566f7aa90af7ee33a154aa7402dc707018979b7	83	other	/home/rootitanium/qml/QtQuick/Controls/FluentWinUI3/dark/images/spinbox-indicator-down-background-up-hovered.png
4a812392a115a37694707507b84dc3c789fb3880c298cce2a7d31f1d837f601f	92	other	/home/rootitanium/qml/QtQuick/Controls/FluentWinUI3/dark/images/spinbox-indicator-down-background-up-hovered@2x.png
02530ad19a6a050f2813c5d801a9fe75c9b0fbf4508491c6abb1bbdb72b28734	101	other	/home/rootitanium/qml/QtQuick/Controls/FluentWinUI3/dark/images/spinbox-indicator-down-background-up-hovered@3x.png
8285acc7fe450d3a72eed1432566f7aa90af7ee33a154aa7402dc707018979b7	83	other	/home/rootitanium/qml/QtQuick/Controls/FluentWinUI3/dark/images/spinbox-indicator-down-background-up-pressed.png
4a812392a115a37694707507b84dc3c789fb3880c298cce2a7d31f1d837f601f	92	other	/home/rootitanium/qml/QtQuick/Controls/FluentWinUI3/dark/images/spinbox-indicator-down-background-up-pressed@2x.png
02530ad19a6a050f2813c5d801a9fe75c9b0fbf4508491c6abb1bbdb72b28734	101	other	/home/rootitanium/qml/QtQuick/Controls/FluentWinUI3/dark/images/spinbox-indicator-down-background-up-pressed@3x.png
8285acc7fe450d3a72eed1432566f7aa90af7ee33a154aa7402dc707018979b7	83	other	/home/rootitanium/qml/QtQuick/Controls/FluentWinUI3/dark/images/spinbox-indicator-down-background.png
4a812392a115a37694707507b84dc3c789fb3880c298cce2a7d31f1d837f601f	92	other	/home/rootitanium/qml/QtQuick/Controls/FluentWinUI3/dark/images/spinbox-indicator-down-background@2x.png
02530ad19a6a050f2813c5d801a9fe75c9b0fbf4508491c6abb1bbdb72b28734	101	other	/home/rootitanium/qml/QtQuick/Controls/FluentWinUI3/dark/images/spinbox-indicator-down-background@3x.png
d7bea5e577872de5fc9bde61b81660d4d9b73a8864d28b69246f7994a1af2631	145	other	/home/rootitanium/qml/QtQuick/Controls/FluentWinUI3/dark/images/spinbox-indicator-down-icon-atlimit.png
86b21bca5d4ca34b3d22456b4df8d1ab5521f0d14a46edf7dece8cf1e61d6a3e	176	other	/home/rootitanium/qml/QtQuick/Controls/FluentWinUI3/dark/images/spinbox-indicator-down-icon-atlimit@2x.png
104296debdcfc2c847b0aaecc9902e6d3046d8151bdf491248afb1d804036d64	211	other	/home/rootitanium/qml/QtQuick/Controls/FluentWinUI3/dark/images/spinbox-indicator-down-icon-atlimit@3x.png
d7bea5e577872de5fc9bde61b81660d4d9b73a8864d28b69246f7994a1af2631	145	other	/home/rootitanium/qml/QtQuick/Controls/FluentWinUI3/dark/images/spinbox-indicator-down-icon-disabled.png
86b21bca5d4ca34b3d22456b4df8d1ab5521f0d14a46edf7dece8cf1e61d6a3e	176	other	/home/rootitanium/qml/QtQuick/Controls/FluentWinUI3/dark/images/spinbox-indicator-down-icon-disabled@2x.png
104296debdcfc2c847b0aaecc9902e6d3046d8151bdf491248afb1d804036d64	211	other	/home/rootitanium/qml/QtQuick/Controls/FluentWinUI3/dark/images/spinbox-indicator-down-icon-disabled@3x.png
33f189b55282b1a6d904fd2424cdc051fbd3af17b942899942fc6daf46280146	118	other	/home/rootitanium/qml/QtQuick/Controls/FluentWinUI3/dark/images/spinbox-indicator-down-icon-down-hovered.png
e2ee0ed4ccf6d0e468b02b83598f0487cc3167d508c6e08e6490b925d8305474	164	other	/home/rootitanium/qml/QtQuick/Controls/FluentWinUI3/dark/images/spinbox-indicator-down-icon-down-hovered@2x.png
d712f165711bf5e0f265607705a4e83452c8fcbc59e106238663664f791f28e5	211	other	/home/rootitanium/qml/QtQuick/Controls/FluentWinUI3/dark/images/spinbox-indicator-down-icon-down-hovered@3x.png
dfe9d3510b8a60e383c7c1ebcf3e6190edcf24cad335dfc16e95c3da4e350028	145	other	/home/rootitanium/qml/QtQuick/Controls/FluentWinUI3/dark/images/spinbox-indicator-down-icon-down-pressed.png
e304af152a32e644acbde3c3250f45408ddb3fa782a83e969e21a051f824b103	173	other	/home/rootitanium/qml/QtQuick/Controls/FluentWinUI3/dark/images/spinbox-indicator-down-icon-down-pressed@2x.png
eefeeddf5afe7a0b9992525a972f56d7be010f1d0f5c75020dc1d72dd79ef7b3	219	other	/home/rootitanium/qml/QtQuick/Controls/FluentWinUI3/dark/images/spinbox-indicator-down-icon-down-pressed@3x.png
33f189b55282b1a6d904fd2424cdc051fbd3af17b942899942fc6daf46280146	118	other	/home/rootitanium/qml/QtQuick/Controls/FluentWinUI3/dark/images/spinbox-indicator-down-icon-hovered.png
e2ee0ed4ccf6d0e468b02b83598f0487cc3167d508c6e08e6490b925d8305474	164	other	/home/rootitanium/qml/QtQuick/Controls/FluentWinUI3/dark/images/spinbox-indicator-down-icon-hovered@2x.png
d712f165711bf5e0f265607705a4e83452c8fcbc59e106238663664f791f28e5	211	other	/home/rootitanium/qml/QtQuick/Controls/FluentWinUI3/dark/images/spinbox-indicator-down-icon-hovered@3x.png
33f189b55282b1a6d904fd2424cdc051fbd3af17b942899942fc6daf46280146	118	other	/home/rootitanium/qml/QtQuick/Controls/FluentWinUI3/dark/images/spinbox-indicator-down-icon-up-hovered.png
e2ee0ed4ccf6d0e468b02b83598f0487cc3167d508c6e08e6490b925d8305474	164	other	/home/rootitanium/qml/QtQuick/Controls/FluentWinUI3/dark/images/spinbox-indicator-down-icon-up-hovered@2x.png
d712f165711bf5e0f265607705a4e83452c8fcbc59e106238663664f791f28e5	211	other	/home/rootitanium/qml/QtQuick/Controls/FluentWinUI3/dark/images/spinbox-indicator-down-icon-up-hovered@3x.png
33f189b55282b1a6d904fd2424cdc051fbd3af17b942899942fc6daf46280146	118	other	/home/rootitanium/qml/QtQuick/Controls/FluentWinUI3/dark/images/spinbox-indicator-down-icon-up-pressed.png
e2ee0ed4ccf6d0e468b02b83598f0487cc3167d508c6e08e6490b925d8305474	164	other	/home/rootitanium/qml/QtQuick/Controls/FluentWinUI3/dark/images/spinbox-indicator-down-icon-up-pressed@2x.png
d712f165711bf5e0f265607705a4e83452c8fcbc59e106238663664f791f28e5	211	other	/home/rootitanium/qml/QtQuick/Controls/FluentWinUI3/dark/images/spinbox-indicator-down-icon-up-pressed@3x.png
33f189b55282b1a6d904fd2424cdc051fbd3af17b942899942fc6daf46280146	118	other	/home/rootitanium/qml/QtQuick/Controls/FluentWinUI3/dark/images/spinbox-indicator-down-icon.png
e2ee0ed4ccf6d0e468b02b83598f0487cc3167d508c6e08e6490b925d8305474	164	other	/home/rootitanium/qml/QtQuick/Controls/FluentWinUI3/dark/images/spinbox-indicator-down-icon@2x.png
d712f165711bf5e0f265607705a4e83452c8fcbc59e106238663664f791f28e5	211	other	/home/rootitanium/qml/QtQuick/Controls/FluentWinUI3/dark/images/spinbox-indicator-down-icon@3x.png
8285acc7fe450d3a72eed1432566f7aa90af7ee33a154aa7402dc707018979b7	83	other	/home/rootitanium/qml/QtQuick/Controls/FluentWinUI3/dark/images/spinbox-indicator-up-background-atlimit.png
4a812392a115a37694707507b84dc3c789fb3880c298cce2a7d31f1d837f601f	92	other	/home/rootitanium/qml/QtQuick/Controls/FluentWinUI3/dark/images/spinbox-indicator-up-background-atlimit@2x.png
02530ad19a6a050f2813c5d801a9fe75c9b0fbf4508491c6abb1bbdb72b28734	101	other	/home/rootitanium/qml/QtQuick/Controls/FluentWinUI3/dark/images/spinbox-indicator-up-background-atlimit@3x.png
8285acc7fe450d3a72eed1432566f7aa90af7ee33a154aa7402dc707018979b7	83	other	/home/rootitanium/qml/QtQuick/Controls/FluentWinUI3/dark/images/spinbox-indicator-up-background-disabled.png
4a812392a115a37694707507b84dc3c789fb3880c298cce2a7d31f1d837f601f	92	other	/home/rootitanium/qml/QtQuick/Controls/FluentWinUI3/dark/images/spinbox-indicator-up-background-disabled@2x.png
02530ad19a6a050f2813c5d801a9fe75c9b0fbf4508491c6abb1bbdb72b28734	101	other	/home/rootitanium/qml/QtQuick/Controls/FluentWinUI3/dark/images/spinbox-indicator-up-background-disabled@3x.png
8285acc7fe450d3a72eed1432566f7aa90af7ee33a154aa7402dc707018979b7	83	other	/home/rootitanium/qml/QtQuick/Controls/FluentWinUI3/dark/images/spinbox-indicator-up-background-down-hovered.png
4a812392a115a37694707507b84dc3c789fb3880c298cce2a7d31f1d837f601f	92	other	/home/rootitanium/qml/QtQuick/Controls/FluentWinUI3/dark/images/spinbox-indicator-up-background-down-hovered@2x.png
02530ad19a6a050f2813c5d801a9fe75c9b0fbf4508491c6abb1bbdb72b28734	101	other	/home/rootitanium/qml/QtQuick/Controls/FluentWinUI3/dark/images/spinbox-indicator-up-background-down-hovered@3x.png
8285acc7fe450d3a72eed1432566f7aa90af7ee33a154aa7402dc707018979b7	83	other	/home/rootitanium/qml/QtQuick/Controls/FluentWinUI3/dark/images/spinbox-indicator-up-background-down-pressed.png
4a812392a115a37694707507b84dc3c789fb3880c298cce2a7d31f1d837f601f	92	other	/home/rootitanium/qml/QtQuick/Controls/FluentWinUI3/dark/images/spinbox-indicator-up-background-down-pressed@2x.png
02530ad19a6a050f2813c5d801a9fe75c9b0fbf4508491c6abb1bbdb72b28734	101	other	/home/rootitanium/qml/QtQuick/Controls/FluentWinUI3/dark/images/spinbox-indicator-up-background-down-pressed@3x.png
8285acc7fe450d3a72eed1432566f7aa90af7ee33a154aa7402dc707018979b7	83	other	/home/rootitanium/qml/QtQuick/Controls/FluentWinUI3/dark/images/spinbox-indicator-up-background-hovered.png
4a812392a115a37694707507b84dc3c789fb3880c298cce2a7d31f1d837f601f	92	other	/home/rootitanium/qml/QtQuick/Controls/FluentWinUI3/dark/images/spinbox-indicator-up-background-hovered@2x.png
02530ad19a6a050f2813c5d801a9fe75c9b0fbf4508491c6abb1bbdb72b28734	101	other	/home/rootitanium/qml/QtQuick/Controls/FluentWinUI3/dark/images/spinbox-indicator-up-background-hovered@3x.png
7b24c72a494b81a4e61be17014a8c5bfa2dfd457fbff4cbec0845793d3fca0b4	166	other	/home/rootitanium/qml/QtQuick/Controls/FluentWinUI3/dark/images/spinbox-indicator-up-background-up-hovered.png
96248a359822f167a7195dd2e4c93099701c65c93d470157d1ebab9164b086f3	233	other	/home/rootitanium/qml/QtQuick/Controls/FluentWinUI3/dark/images/spinbox-indicator-up-background-up-hovered@2x.png
2a9ce212f759efaee2773d7f22e13dd91c5da7dd0fddba2882b10e7d03bd4a5c	305	other	/home/rootitanium/qml/QtQuick/Controls/FluentWinUI3/dark/images/spinbox-indicator-up-background-up-hovered@3x.png
7b24c72a494b81a4e61be17014a8c5bfa2dfd457fbff4cbec0845793d3fca0b4	166	other	/home/rootitanium/qml/QtQuick/Controls/FluentWinUI3/dark/images/spinbox-indicator-up-background-up-pressed.png
96248a359822f167a7195dd2e4c93099701c65c93d470157d1ebab9164b086f3	233	other	/home/rootitanium/qml/QtQuick/Controls/FluentWinUI3/dark/images/spinbox-indicator-up-background-up-pressed@2x.png
2a9ce212f759efaee2773d7f22e13dd91c5da7dd0fddba2882b10e7d03bd4a5c	305	other	/home/rootitanium/qml/QtQuick/Controls/FluentWinUI3/dark/images/spinbox-indicator-up-background-up-pressed@3x.png
8285acc7fe450d3a72eed1432566f7aa90af7ee33a154aa7402dc707018979b7	83	other	/home/rootitanium/qml/QtQuick/Controls/FluentWinUI3/dark/images/spinbox-indicator-up-background.png
4a812392a115a37694707507b84dc3c789fb3880c298cce2a7d31f1d837f601f	92	other	/home/rootitanium/qml/QtQuick/Controls/FluentWinUI3/dark/images/spinbox-indicator-up-background@2x.png
02530ad19a6a050f2813c5d801a9fe75c9b0fbf4508491c6abb1bbdb72b28734	101	other	/home/rootitanium/qml/QtQuick/Controls/FluentWinUI3/dark/images/spinbox-indicator-up-background@3x.png
17f228ea1db9440f773814cc95b70a585a6e25935b8828012cc53a731745d4e9	133	other	/home/rootitanium/qml/QtQuick/Controls/FluentWinUI3/dark/images/spinbox-indicator-up-icon-atlimit.png
57c6e4d603c24c9f8fe0a8745b62bc7b6a583599bf87a8a7825b4c5dd52b0e79	164	other	/home/rootitanium/qml/QtQuick/Controls/FluentWinUI3/dark/images/spinbox-indicator-up-icon-atlimit@2x.png
5f9c939df7ad5611b026d2e189a32540ce738d1a75a1f690299efe4303e2d841	210	other	/home/rootitanium/qml/QtQuick/Controls/FluentWinUI3/dark/images/spinbox-indicator-up-icon-atlimit@3x.png
17f228ea1db9440f773814cc95b70a585a6e25935b8828012cc53a731745d4e9	133	other	/home/rootitanium/qml/QtQuick/Controls/FluentWinUI3/dark/images/spinbox-indicator-up-icon-disabled.png
57c6e4d603c24c9f8fe0a8745b62bc7b6a583599bf87a8a7825b4c5dd52b0e79	164	other	/home/rootitanium/qml/QtQuick/Controls/FluentWinUI3/dark/images/spinbox-indicator-up-icon-disabled@2x.png
5f9c939df7ad5611b026d2e189a32540ce738d1a75a1f690299efe4303e2d841	210	other	/home/rootitanium/qml/QtQuick/Controls/FluentWinUI3/dark/images/spinbox-indicator-up-icon-disabled@3x.png
7109a067ad00c3cdd31365c76ea8e24264910fe9b1350a292fc00dd7d2b97e5b	118	other	/home/rootitanium/qml/QtQuick/Controls/FluentWinUI3/dark/images/spinbox-indicator-up-icon-down-hovered.png
50e45c5bc1f41a265ccdb7106571d751b4a875577d19c5409009fcdd0e82cfc1	150	other	/home/rootitanium/qml/QtQuick/Controls/FluentWinUI3/dark/images/spinbox-indicator-up-icon-down-hovered@2x.png
f85b2a74823a54b1d904d44b638204ae78301a91eabacfc1dc7f07508c384057	210	other	/home/rootitanium/qml/QtQuick/Controls/FluentWinUI3/dark/images/spinbox-indicator-up-icon-down-hovered@3x.png
7109a067ad00c3cdd31365c76ea8e24264910fe9b1350a292fc00dd7d2b97e5b	118	other	/home/rootitanium/qml/QtQuick/Controls/FluentWinUI3/dark/images/spinbox-indicator-up-icon-down-pressed.png
50e45c5bc1f41a265ccdb7106571d751b4a875577d19c5409009fcdd0e82cfc1	150	other	/home/rootitanium/qml/QtQuick/Controls/FluentWinUI3/dark/images/spinbox-indicator-up-icon-down-pressed@2x.png
f85b2a74823a54b1d904d44b638204ae78301a91eabacfc1dc7f07508c384057	210	other	/home/rootitanium/qml/QtQuick/Controls/FluentWinUI3/dark/images/spinbox-indicator-up-icon-down-pressed@3x.png
7109a067ad00c3cdd31365c76ea8e24264910fe9b1350a292fc00dd7d2b97e5b	118	other	/home/rootitanium/qml/QtQuick/Controls/FluentWinUI3/dark/images/spinbox-indicator-up-icon-hovered.png
50e45c5bc1f41a265ccdb7106571d751b4a875577d19c5409009fcdd0e82cfc1	150	other	/home/rootitanium/qml/QtQuick/Controls/FluentWinUI3/dark/images/spinbox-indicator-up-icon-hovered@2x.png
f85b2a74823a54b1d904d44b638204ae78301a91eabacfc1dc7f07508c384057	210	other	/home/rootitanium/qml/QtQuick/Controls/FluentWinUI3/dark/images/spinbox-indicator-up-icon-hovered@3x.png
7109a067ad00c3cdd31365c76ea8e24264910fe9b1350a292fc00dd7d2b97e5b	118	other	/home/rootitanium/qml/QtQuick/Controls/FluentWinUI3/dark/images/spinbox-indicator-up-icon-up-hovered.png
50e45c5bc1f41a265ccdb7106571d751b4a875577d19c5409009fcdd0e82cfc1	150	other	/home/rootitanium/qml/QtQuick/Controls/FluentWinUI3/dark/images/spinbox-indicator-up-icon-up-hovered@2x.png
f85b2a74823a54b1d904d44b638204ae78301a91eabacfc1dc7f07508c384057	210	other	/home/rootitanium/qml/QtQuick/Controls/FluentWinUI3/dark/images/spinbox-indicator-up-icon-up-hovered@3x.png
58254757e3a7eab9917d96e0f5c472a3ca19d776ebbf3664f63000c65667ed57	135	other	/home/rootitanium/qml/QtQuick/Controls/FluentWinUI3/dark/images/spinbox-indicator-up-icon-up-pressed.png
6d94e1700db3a94f8424eb198ca707912fda3c5db737f62ac68c94d730c033ea	167	other	/home/rootitanium/qml/QtQuick/Controls/FluentWinUI3/dark/images/spinbox-indicator-up-icon-up-pressed@2x.png
fa0e7d86ffdc9f6cc099f08ec75e011fb15c4d170b8eabf637ba365e13542d82	214	other	/home/rootitanium/qml/QtQuick/Controls/FluentWinUI3/dark/images/spinbox-indicator-up-icon-up-pressed@3x.png
7109a067ad00c3cdd31365c76ea8e24264910fe9b1350a292fc00dd7d2b97e5b	118	other	/home/rootitanium/qml/QtQuick/Controls/FluentWinUI3/dark/images/spinbox-indicator-up-icon.png
50e45c5bc1f41a265ccdb7106571d751b4a875577d19c5409009fcdd0e82cfc1	150	other	/home/rootitanium/qml/QtQuick/Controls/FluentWinUI3/dark/images/spinbox-indicator-up-icon@2x.png
f85b2a74823a54b1d904d44b638204ae78301a91eabacfc1dc7f07508c384057	210	other	/home/rootitanium/qml/QtQuick/Controls/FluentWinUI3/dark/images/spinbox-indicator-up-icon@3x.png
239bf3f261e5ee675b27e546fc9dfba9ced5e2e521dc112df22389c1227b8c1a	417	other	/home/rootitanium/qml/QtQuick/Controls/FluentWinUI3/dark/images/textarea-background-disabled.png
a547ed23a7f28777996b58b610ed9ac1c0500042e0d70682f893a8508709717d	977	other	/home/rootitanium/qml/QtQuick/Controls/FluentWinUI3/dark/images/textarea-background-disabled@2x.png
fc52e4eea80062b28175e6df1cebb5abe679e26035efc515184074593309bed9	1557	other	/home/rootitanium/qml/QtQuick/Controls/FluentWinUI3/dark/images/textarea-background-disabled@3x.png
a1e6f5250ded7fdbbc7804b81027059c2a672074d188583f58ff3c4190293ccb	460	other	/home/rootitanium/qml/QtQuick/Controls/FluentWinUI3/dark/images/textarea-background-focused.png
c16d04f4e875e122ce7a6e2c96da56416ed943390e666c2d441c005757bf4d70	1106	other	/home/rootitanium/qml/QtQuick/Controls/FluentWinUI3/dark/images/textarea-background-focused@2x.png
af25823fc83db82edfb9b67e17db78d4af76863e114118fbf20dbb3b06d0d9f6	1742	other	/home/rootitanium/qml/QtQuick/Controls/FluentWinUI3/dark/images/textarea-background-focused@3x.png
239bf3f261e5ee675b27e546fc9dfba9ced5e2e521dc112df22389c1227b8c1a	417	other	/home/rootitanium/qml/QtQuick/Controls/FluentWinUI3/dark/images/textarea-background-hovered.png
a547ed23a7f28777996b58b610ed9ac1c0500042e0d70682f893a8508709717d	977	other	/home/rootitanium/qml/QtQuick/Controls/FluentWinUI3/dark/images/textarea-background-hovered@2x.png
fc52e4eea80062b28175e6df1cebb5abe679e26035efc515184074593309bed9	1557	other	/home/rootitanium/qml/QtQuick/Controls/FluentWinUI3/dark/images/textarea-background-hovered@3x.png
239bf3f261e5ee675b27e546fc9dfba9ced5e2e521dc112df22389c1227b8c1a	417	other	/home/rootitanium/qml/QtQuick/Controls/FluentWinUI3/dark/images/textarea-background.png
a547ed23a7f28777996b58b610ed9ac1c0500042e0d70682f893a8508709717d	977	other	/home/rootitanium/qml/QtQuick/Controls/FluentWinUI3/dark/images/textarea-background@2x.png
fc52e4eea80062b28175e6df1cebb5abe679e26035efc515184074593309bed9	1557	other	/home/rootitanium/qml/QtQuick/Controls/FluentWinUI3/dark/images/textarea-background@3x.png
39fefda5051a7a6cdd459301922b68f3cc2560ed60c0ce27784b47b4690ee460	362	other	/home/rootitanium/qml/QtQuick/Controls/FluentWinUI3/dark/images/textfield-background-disabled.png
c472a73e976c896e28e7fd7e28079125884912a4cd0f0a4c41567bbd0d1b6a76	797	other	/home/rootitanium/qml/QtQuick/Controls/FluentWinUI3/dark/images/textfield-background-disabled@2x.png
150e11428005788869d9a319518cf07e26aeceb5fb8b2b12fc689492b0cafe12	1215	other	/home/rootitanium/qml/QtQuick/Controls/FluentWinUI3/dark/images/textfield-background-disabled@3x.png
9af8626b27d642a72c0ad4d8cddebdaf51e8dc001248e34e3ea7a0597681f957	310	other	/home/rootitanium/qml/QtQuick/Controls/FluentWinUI3/dark/images/textfield-background-focused.png
8d5ae07f1518be4234351def9eefdb23056a8dbacec3c470c96b4f459dbbfd77	728	other	/home/rootitanium/qml/QtQuick/Controls/FluentWinUI3/dark/images/textfield-background-focused@2x.png
6f721ab1b50194dc59ea7d519268883b2bf9f9aed8ff964a2da42967f49cb2fb	1068	other	/home/rootitanium/qml/QtQuick/Controls/FluentWinUI3/dark/images/textfield-background-focused@3x.png
479aab0620d876ab38d082f83426fc5f8f26de96809707ebc3fec679928cc93b	336	other	/home/rootitanium/qml/QtQuick/Controls/FluentWinUI3/dark/images/textfield-background-hovered.png
7b1f64d0a2ba598f0a64638244700dd9f4da67458690052143e5af6fdc459225	771	other	/home/rootitanium/qml/QtQuick/Controls/FluentWinUI3/dark/images/textfield-background-hovered@2x.png
e56003bd62a87e1a0bb8225dec491416820a5387375c461a3a0b32c9a8791fe7	1121	other	/home/rootitanium/qml/QtQuick/Controls/FluentWinUI3/dark/images/textfield-background-hovered@3x.png
8264f71bc7227246a1079ebb26bbace2f6136e5f7f0f086a56d1e8f5d0cde868	348	other	/home/rootitanium/qml/QtQuick/Controls/FluentWinUI3/dark/images/textfield-background.png
ba75e213b3504614dd1122a77b57a19f5865059bee3c831017dd7ed877d88c77	793	other	/home/rootitanium/qml/QtQuick/Controls/FluentWinUI3/dark/images/textfield-background@2x.png
6d063789f1ea1b1726117967e6c5863a2798174c997554ba4617dcdb23f6a911	1191	other	/home/rootitanium/qml/QtQuick/Controls/FluentWinUI3/dark/images/textfield-background@3x.png
e5e41ac0591e82110a68f162118267e9a2ca218c1ecfe5c86e8a1ee3bdf4d98b	200	other	/home/rootitanium/qml/QtQuick/Controls/FluentWinUI3/icons/checkmark.png
31d03a9ab468d6ede3c730bee83099c207202d3e5715735fec452fc5a4bf336a	252	other	/home/rootitanium/qml/QtQuick/Controls/FluentWinUI3/icons/checkmark@2x.png
d8d024453ec3ba9a000acd9bd1158cbf11cfa3f44f5b836c4d625edd014039b5	321	other	/home/rootitanium/qml/QtQuick/Controls/FluentWinUI3/icons/checkmark@3x.png
68c6ee2c698caaa9ef1e35cefc862148fc3fe69938b5a04917fd91ae6dff1b09	165	other	/home/rootitanium/qml/QtQuick/Controls/FluentWinUI3/icons/menuarrow.png
35aa2b3e9967c09aa9b94992cf90d0d3fe0a4523845fede44a74095256d3004c	185	other	/home/rootitanium/qml/QtQuick/Controls/FluentWinUI3/icons/menuarrow@2x.png
25ebf2be72c30407f571c0f261114b63427f9573750453d8bdc9427538fd46f3	205	other	/home/rootitanium/qml/QtQuick/Controls/FluentWinUI3/icons/menuarrow@3x.png
8521a09710fb4c35141290f1fff3c932fcca6e5b8a0d363c42e6e8494b946f15	4047	other	/home/rootitanium/qml/QtQuick/Controls/FluentWinUI3/impl/ButtonBackground.qml
566cf4810ea49bfa25513f6fd1af330e4a76265826121552e7ff32e9af840264	1908	other	/home/rootitanium/qml/QtQuick/Controls/FluentWinUI3/impl/CheckIndicator.qml
90fa35a42da8fc36376dad379b9b3f117d784fe1b8fb2fa47f520af321d4b222	1919	other	/home/rootitanium/qml/QtQuick/Controls/FluentWinUI3/impl/RadioIndicator.qml
5c9d84fc0ba26659f149534e19665496ac3e8ad98cb131a125fe8a5c2c9168bc	3652	other	/home/rootitanium/qml/QtQuick/Controls/FluentWinUI3/impl/SwitchIndicator.qml
dc3e655e1a2987b2ed319c45c63a81a6bed4440a21060b0d4ce74597cb48c0c7	10016	elf	/home/rootitanium/qml/QtQuick/Controls/FluentWinUI3/impl/libqtquickcontrols2fluentwinui3styleimplplugin.so
4eb121ff5a550f228572e6193d27caf808f77afee20e03d1b8401a31e90259c9	752	other	/home/rootitanium/qml/QtQuick/Controls/FluentWinUI3/impl/plugins.qmltypes
04a0e18e46934c261b14715866cad46b001cc5cc6d4b18ec2a58c9507eb9be35	664	other	/home/rootitanium/qml/QtQuick/Controls/FluentWinUI3/impl/qmldir
77a85df6d181d7df4632b67231e7b19675ddcf07ad891183a9539d5207ea0102	2508892	elf	/home/rootitanium/qml/QtQuick/Controls/FluentWinUI3/libqtquickcontrols2fluentwinui3styleplugin.so
76dc51eaada310473359b6553b891ccfe694c7b3a52833c0893f025642ed950c	170	other	/home/rootitanium/qml/QtQuick/Controls/FluentWinUI3/light/images/checkbox-indicator-checked-disabled.png
3368b5b45ec0411fa6f7a389875cb0ffe801fa203a28b0d9662f86456e97d862	242	other	/home/rootitanium/qml/QtQuick/Controls/FluentWinUI3/light/images/checkbox-indicator-checked-disabled@2x.png
3b66652c32568f0525409ac577bf5f8b10942eb2bc3803572d66e1c8d408777e	298	other	/home/rootitanium/qml/QtQuick/Controls/FluentWinUI3/light/images/checkbox-indicator-checked-disabled@3x.png
be419c1e3d88bd452fd4fd561f8a40a6dbaa8fdcaea4176bab96ba734ec1b846	184	other	/home/rootitanium/qml/QtQuick/Controls/FluentWinUI3/light/images/checkbox-indicator-checked-hovered.png
c590eefd01a9805e88a37649b9e42027c8f3a5f59952f4af3a4848575b3ce733	263	other	/home/rootitanium/qml/QtQuick/Controls/FluentWinUI3/light/images/checkbox-indicator-checked-hovered@2x.png
29b25d330488e7d608f80e7a8ef863660f370f0611521692228f4d9aab3418a2	339	other	/home/rootitanium/qml/QtQuick/Controls/FluentWinUI3/light/images/checkbox-indicator-checked-hovered@3x.png
5929a4185e7cf44247569672f04367356cb69d84dc2a9606a107bd74dc2eaea1	183	other	/home/rootitanium/qml/QtQuick/Controls/FluentWinUI3/light/images/checkbox-indicator-checked-pressed.png
94978b1e2d418252b94fc4054b5044c17df9c1ae24bb6e6cb475feb05c54fede	294	other	/home/rootitanium/qml/QtQuick/Controls/FluentWinUI3/light/images/checkbox-indicator-checked-pressed@2x.png
a22c1482a23c23c1bcd0c6a359ad8d287523abbbe9c7cc6099b33d763ee96a20	341	other	/home/rootitanium/qml/QtQuick/Controls/FluentWinUI3/light/images/checkbox-indicator-checked-pressed@3x.png
d6ef1d0ed4bc3f59cbf6084d7913578c3f61a5dcc7dcd5a6a6e7a311369069d0	178	other	/home/rootitanium/qml/QtQuick/Controls/FluentWinUI3/light/images/checkbox-indicator-checked.png
0a2e37ac4f5f09b4a2334cac01b1ba220f6fd08ccfdca6ed0a1df5a7e3403b3c	258	other	/home/rootitanium/qml/QtQuick/Controls/FluentWinUI3/light/images/checkbox-indicator-checked@2x.png
dacb595490c4746d89d746ca5ed3692dc7635bfbd6cfb9f1a09bd77eec6de784	308	other	/home/rootitanium/qml/QtQuick/Controls/FluentWinUI3/light/images/checkbox-indicator-checked@3x.png
76dc51eaada310473359b6553b891ccfe694c7b3a52833c0893f025642ed950c	170	other	/home/rootitanium/qml/QtQuick/Controls/FluentWinUI3/light/images/checkbox-indicator-disabled-partiallyChecked.png
3368b5b45ec0411fa6f7a389875cb0ffe801fa203a28b0d9662f86456e97d862	242	other	/home/rootitanium/qml/QtQuick/Controls/FluentWinUI3/light/images/checkbox-indicator-disabled-partiallyChecked@2x.png
3b66652c32568f0525409ac577bf5f8b10942eb2bc3803572d66e1c8d408777e	298	other	/home/rootitanium/qml/QtQuick/Controls/FluentWinUI3/light/images/checkbox-indicator-disabled-partiallyChecked@3x.png
7f26f4ce670572c8797a150deeae453734b5b7edba5fe088fb341191597663ad	201	other	/home/rootitanium/qml/QtQuick/Controls/FluentWinUI3/light/images/checkbox-indicator-disabled.png
e44de3ecdf92347b90924bc2c4fdc7c271514b1e109af4f7cef6ff9c058a8fdf	295	other	/home/rootitanium/qml/QtQuick/Controls/FluentWinUI3/light/images/checkbox-indicator-disabled@2x.png
1cfd56886466660905501f8ca48b8b4fe6c6451965a597f1bfa37edd7078e458	395	other	/home/rootitanium/qml/QtQuick/Controls/FluentWinUI3/light/images/checkbox-indicator-disabled@3x.png
be419c1e3d88bd452fd4fd561f8a40a6dbaa8fdcaea4176bab96ba734ec1b846	184	other	/home/rootitanium/qml/QtQuick/Controls/FluentWinUI3/light/images/checkbox-indicator-hovered-partiallyChecked.png
c590eefd01a9805e88a37649b9e42027c8f3a5f59952f4af3a4848575b3ce733	263	other	/home/rootitanium/qml/QtQuick/Controls/FluentWinUI3/light/images/checkbox-indicator-hovered-partiallyChecked@2x.png
29b25d330488e7d608f80e7a8ef863660f370f0611521692228f4d9aab3418a2	339	other	/home/rootitanium/qml/QtQuick/Controls/FluentWinUI3/light/images/checkbox-indicator-hovered-partiallyChecked@3x.png
4c63f91a7de41a7d194c2870a14d034d7903070203bfc5a47512afbc81ae089e	209	other	/home/rootitanium/qml/QtQuick/Controls/FluentWinUI3/light/images/checkbox-indicator-hovered.png
ca938cac9fabe55c1afb4a8f1281aa9f0f43bd3e04650821f2aba1e69ad655ea	310	other	/home/rootitanium/qml/QtQuick/Controls/FluentWinUI3/light/images/checkbox-indicator-hovered@2x.png
3890c6b97052b66d6140191cc0e0b17457b5c6c0911f3c17533ef93fdabc8852	430	other	/home/rootitanium/qml/QtQuick/Controls/FluentWinUI3/light/images/checkbox-indicator-hovered@3x.png
5929a4185e7cf44247569672f04367356cb69d84dc2a9606a107bd74dc2eaea1	183	other	/home/rootitanium/qml/QtQuick/Controls/FluentWinUI3/light/images/checkbox-indicator-partiallyChecked-pressed.png
94978b1e2d418252b94fc4054b5044c17df9c1ae24bb6e6cb475feb05c54fede	294	other	/home/rootitanium/qml/QtQuick/Controls/FluentWinUI3/light/images/checkbox-indicator-partiallyChecked-pressed@2x.png
a22c1482a23c23c1bcd0c6a359ad8d287523abbbe9c7cc6099b33d763ee96a20	341	other	/home/rootitanium/qml/QtQuick/Controls/FluentWinUI3/light/images/checkbox-indicator-partiallyChecked-pressed@3x.png
d6ef1d0ed4bc3f59cbf6084d7913578c3f61a5dcc7dcd5a6a6e7a311369069d0	178	other	/home/rootitanium/qml/QtQuick/Controls/FluentWinUI3/light/images/checkbox-indicator-partiallyChecked.png
0a2e37ac4f5f09b4a2334cac01b1ba220f6fd08ccfdca6ed0a1df5a7e3403b3c	258	other	/home/rootitanium/qml/QtQuick/Controls/FluentWinUI3/light/images/checkbox-indicator-partiallyChecked@2x.png
dacb595490c4746d89d746ca5ed3692dc7635bfbd6cfb9f1a09bd77eec6de784	308	other	/home/rootitanium/qml/QtQuick/Controls/FluentWinUI3/light/images/checkbox-indicator-partiallyChecked@3x.png
4ba04607a0ad6801e00d211c276fd2246d88cc696d4e1d7e5482190a59ed9a57	205	other	/home/rootitanium/qml/QtQuick/Controls/FluentWinUI3/light/images/checkbox-indicator-pressed.png
95a0e35e6703be302c6112b114ba0715ccd1e8f5c62133c7e5cb5cc7e56aaa84	323	other	/home/rootitanium/qml/QtQuick/Controls/FluentWinUI3/light/images/checkbox-indicator-pressed@2x.png
29cfa5a7a2f21598f6941421baed6c24cd8e160d7f8aa434a876ca58ef8e978c	423	other	/home/rootitanium/qml/QtQuick/Controls/FluentWinUI3/light/images/checkbox-indicator-pressed@3x.png
6291d3314c78ed4e29246f34efd869d81cc301a0af95e7677d84eca65edc9dca	205	other	/home/rootitanium/qml/QtQuick/Controls/FluentWinUI3/light/images/checkbox-indicator.png
c211944280334044d50018e48c302218357562c81e32b3a9379f81926910b0e5	325	other	/home/rootitanium/qml/QtQuick/Controls/FluentWinUI3/light/images/checkbox-indicator@2x.png
e8eb8c6671bdbeb3f01ed42778e95ca1af8e16b4b578eb51f1c8ed1d49d9bd9f	448	other	/home/rootitanium/qml/QtQuick/Controls/FluentWinUI3/light/images/checkbox-indicator@3x.png
5ce6134336919f7288d5f5312772890ac680e324d47e6552f523cc71c25a5336	226	other	/home/rootitanium/qml/QtQuick/Controls/FluentWinUI3/light/images/combobox-background-disabled.png
827bd8deb24f977506b8acf20c482e1f448e8504e8de29ab784a3f2933f0dc69	417	other	/home/rootitanium/qml/QtQuick/Controls/FluentWinUI3/light/images/combobox-background-disabled@2x.png
7437b32e1edf24ab5701933db00909c7d7db4b6870290bbc7e4735a4fc7981b8	628	other	/home/rootitanium/qml/QtQuick/Controls/FluentWinUI3/light/images/combobox-background-disabled@3x.png
ff909958af7cef5fa56e5b70f4fcfdc939646eb97df3ddb71dcecae692c75abf	450	other	/home/rootitanium/qml/QtQuick/Controls/FluentWinUI3/light/images/combobox-background-focused.png
9f94e7c42c285b0607e3e41c8a523f11e00a3b675bd2a9d93c7c12e476a91587	1004	other	/home/rootitanium/qml/QtQuick/Controls/FluentWinUI3/light/images/combobox-background-focused@2x.png
e2af8372551f3af475ab36589ee502bbd520425f5a8ac6a55762ab1a9f4650ee	1677	other	/home/rootitanium/qml/QtQuick/Controls/FluentWinUI3/light/images/combobox-background-focused@3x.png
c9d9c2e4bbef0dba6204b6bbd715237e4869a78b8d13c9549cd01299f3012288	432	other	/home/rootitanium/qml/QtQuick/Controls/FluentWinUI3/light/images/combobox-background-hovered-open.png
b3f74f76d035b8ef763f490c9bbbb40467db90335bf3e9579afecd0e727464cc	1017	other	/home/rootitanium/qml/QtQuick/Controls/FluentWinUI3/light/images/combobox-background-hovered-open@2x.png
c6c0b17108bd2274c63ec648e8e333dff9789479469d35070434868adb2d1046	1669	other	/home/rootitanium/qml/QtQuick/Controls/FluentWinUI3/light/images/combobox-background-hovered-open@3x.png
c9d9c2e4bbef0dba6204b6bbd715237e4869a78b8d13c9549cd01299f3012288	432	other	/home/rootitanium/qml/QtQuick/Controls/FluentWinUI3/light/images/combobox-background-hovered.png
b3f74f76d035b8ef763f490c9bbbb40467db90335bf3e9579afecd0e727464cc	1017	other	/home/rootitanium/qml/QtQuick/Controls/FluentWinUI3/light/images/combobox-background-hovered@2x.png
c6c0b17108bd2274c63ec648e8e333dff9789479469d35070434868adb2d1046	1669	other	/home/rootitanium/qml/QtQuick/Controls/FluentWinUI3/light/images/combobox-background-hovered@3x.png
5ce6134336919f7288d5f5312772890ac680e324d47e6552f523cc71c25a5336	226	other	/home/rootitanium/qml/QtQuick/Controls/FluentWinUI3/light/images/combobox-background-open-pressed.png
827bd8deb24f977506b8acf20c482e1f448e8504e8de29ab784a3f2933f0dc69	417	other	/home/rootitanium/qml/QtQuick/Controls/FluentWinUI3/light/images/combobox-background-open-pressed@2x.png
7437b32e1edf24ab5701933db00909c7d7db4b6870290bbc7e4735a4fc7981b8	628	other	/home/rootitanium/qml/QtQuick/Controls/FluentWinUI3/light/images/combobox-background-open-pressed@3x.png
ff909958af7cef5fa56e5b70f4fcfdc939646eb97df3ddb71dcecae692c75abf	450	other	/home/rootitanium/qml/QtQuick/Controls/FluentWinUI3/light/images/combobox-background-open.png
9f94e7c42c285b0607e3e41c8a523f11e00a3b675bd2a9d93c7c12e476a91587	1004	other	/home/rootitanium/qml/QtQuick/Controls/FluentWinUI3/light/images/combobox-background-open@2x.png
e2af8372551f3af475ab36589ee502bbd520425f5a8ac6a55762ab1a9f4650ee	1677	other	/home/rootitanium/qml/QtQuick/Controls/FluentWinUI3/light/images/combobox-background-open@3x.png
5ce6134336919f7288d5f5312772890ac680e324d47e6552f523cc71c25a5336	226	other	/home/rootitanium/qml/QtQuick/Controls/FluentWinUI3/light/images/combobox-background-pressed.png
827bd8deb24f977506b8acf20c482e1f448e8504e8de29ab784a3f2933f0dc69	417	other	/home/rootitanium/qml/QtQuick/Controls/FluentWinUI3/light/images/combobox-background-pressed@2x.png
7437b32e1edf24ab5701933db00909c7d7db4b6870290bbc7e4735a4fc7981b8	628	other	/home/rootitanium/qml/QtQuick/Controls/FluentWinUI3/light/images/combobox-background-pressed@3x.png
ff909958af7cef5fa56e5b70f4fcfdc939646eb97df3ddb71dcecae692c75abf	450	other	/home/rootitanium/qml/QtQuick/Controls/FluentWinUI3/light/images/combobox-background.png
9f94e7c42c285b0607e3e41c8a523f11e00a3b675bd2a9d93c7c12e476a91587	1004	other	/home/rootitanium/qml/QtQuick/Controls/FluentWinUI3/light/images/combobox-background@2x.png
e2af8372551f3af475ab36589ee502bbd520425f5a8ac6a55762ab1a9f4650ee	1677	other	/home/rootitanium/qml/QtQuick/Controls/FluentWinUI3/light/images/combobox-background@3x.png
0941ec5da06f1cafe91004c1b035997609ab1eef1f39a9ac5f0bb558dd8f93eb	125	other	/home/rootitanium/qml/QtQuick/Controls/FluentWinUI3/light/images/combobox-indicator-disabled.png
840b43337d232f04aed0b3209a43a0b25bb5f4bb53920620c7e0bcc155743daa	171	other	/home/rootitanium/qml/QtQuick/Controls/FluentWinUI3/light/images/combobox-indicator-disabled@2x.png
b74cf0894a7b42aae0630586e321e3cea282724a16e1ed40322cb39014c0041f	184	other	/home/rootitanium/qml/QtQuick/Controls/FluentWinUI3/light/images/combobox-indicator-disabled@3x.png
0941ec5da06f1cafe91004c1b035997609ab1eef1f39a9ac5f0bb558dd8f93eb	125	other	/home/rootitanium/qml/QtQuick/Controls/FluentWinUI3/light/images/combobox-indicator-focused.png
840b43337d232f04aed0b3209a43a0b25bb5f4bb53920620c7e0bcc155743daa	171	other	/home/rootitanium/qml/QtQuick/Controls/FluentWinUI3/light/images/combobox-indicator-focused@2x.png
b74cf0894a7b42aae0630586e321e3cea282724a16e1ed40322cb39014c0041f	184	other	/home/rootitanium/qml/QtQuick/Controls/FluentWinUI3/light/images/combobox-indicator-focused@3x.png
0941ec5da06f1cafe91004c1b035997609ab1eef1f39a9ac5f0bb558dd8f93eb	125	other	/home/rootitanium/qml/QtQuick/Controls/FluentWinUI3/light/images/combobox-indicator-hovered-open.png
840b43337d232f04aed0b3209a43a0b25bb5f4bb53920620c7e0bcc155743daa	171	other	/home/rootitanium/qml/QtQuick/Controls/FluentWinUI3/light/images/combobox-indicator-hovered-open@2x.png
b74cf0894a7b42aae0630586e321e3cea282724a16e1ed40322cb39014c0041f	184	other	/home/rootitanium/qml/QtQuick/Controls/FluentWinUI3/light/images/combobox-indicator-hovered-open@3x.png
0941ec5da06f1cafe91004c1b035997609ab1eef1f39a9ac5f0bb558dd8f93eb	125	other	/home/rootitanium/qml/QtQuick/Controls/FluentWinUI3/light/images/combobox-indicator-hovered.png
840b43337d232f04aed0b3209a43a0b25bb5f4bb53920620c7e0bcc155743daa	171	other	/home/rootitanium/qml/QtQuick/Controls/FluentWinUI3/light/images/combobox-indicator-hovered@2x.png
b74cf0894a7b42aae0630586e321e3cea282724a16e1ed40322cb39014c0041f	184	other	/home/rootitanium/qml/QtQuick/Controls/FluentWinUI3/light/images/combobox-indicator-hovered@3x.png
0941ec5da06f1cafe91004c1b035997609ab1eef1f39a9ac5f0bb558dd8f93eb	125	other	/home/rootitanium/qml/QtQuick/Controls/FluentWinUI3/light/images/combobox-indicator-open-pressed.png
840b43337d232f04aed0b3209a43a0b25bb5f4bb53920620c7e0bcc155743daa	171	other	/home/rootitanium/qml/QtQuick/Controls/FluentWinUI3/light/images/combobox-indicator-open-pressed@2x.png
b74cf0894a7b42aae0630586e321e3cea282724a16e1ed40322cb39014c0041f	184	other	/home/rootitanium/qml/QtQuick/Controls/FluentWinUI3/light/images/combobox-indicator-open-pressed@3x.png
0941ec5da06f1cafe91004c1b035997609ab1eef1f39a9ac5f0bb558dd8f93eb	125	other	/home/rootitanium/qml/QtQuick/Controls/FluentWinUI3/light/images/combobox-indicator-open.png
840b43337d232f04aed0b3209a43a0b25bb5f4bb53920620c7e0bcc155743daa	171	other	/home/rootitanium/qml/QtQuick/Controls/FluentWinUI3/light/images/combobox-indicator-open@2x.png
b74cf0894a7b42aae0630586e321e3cea282724a16e1ed40322cb39014c0041f	184	other	/home/rootitanium/qml/QtQuick/Controls/FluentWinUI3/light/images/combobox-indicator-open@3x.png
0941ec5da06f1cafe91004c1b035997609ab1eef1f39a9ac5f0bb558dd8f93eb	125	other	/home/rootitanium/qml/QtQuick/Controls/FluentWinUI3/light/images/combobox-indicator-pressed.png
840b43337d232f04aed0b3209a43a0b25bb5f4bb53920620c7e0bcc155743daa	171	other	/home/rootitanium/qml/QtQuick/Controls/FluentWinUI3/light/images/combobox-indicator-pressed@2x.png
b74cf0894a7b42aae0630586e321e3cea282724a16e1ed40322cb39014c0041f	184	other	/home/rootitanium/qml/QtQuick/Controls/FluentWinUI3/light/images/combobox-indicator-pressed@3x.png
0941ec5da06f1cafe91004c1b035997609ab1eef1f39a9ac5f0bb558dd8f93eb	125	other	/home/rootitanium/qml/QtQuick/Controls/FluentWinUI3/light/images/combobox-indicator.png
840b43337d232f04aed0b3209a43a0b25bb5f4bb53920620c7e0bcc155743daa	171	other	/home/rootitanium/qml/QtQuick/Controls/FluentWinUI3/light/images/combobox-indicator@2x.png
b74cf0894a7b42aae0630586e321e3cea282724a16e1ed40322cb39014c0041f	184	other	/home/rootitanium/qml/QtQuick/Controls/FluentWinUI3/light/images/combobox-indicator@3x.png
2bc47bd96c56063f0708b773931de60869bcc74858e348188813262d6ffb1b02	389	other	/home/rootitanium/qml/QtQuick/Controls/FluentWinUI3/light/images/editablecombobox-background-hovered-open.png
32297750f17ff2595f94c94ffe379f1d400c80c0bcb145bda6565e0165727a37	932	other	/home/rootitanium/qml/QtQuick/Controls/FluentWinUI3/light/images/editablecombobox-background-hovered-open@2x.png
8f31e9f6dbe509a60f161d49580499f27e953693b7a8705b02a0bbc9d256ac4e	1493	other	/home/rootitanium/qml/QtQuick/Controls/FluentWinUI3/light/images/editablecombobox-background-hovered-open@3x.png
2bc47bd96c56063f0708b773931de60869bcc74858e348188813262d6ffb1b02	389	other	/home/rootitanium/qml/QtQuick/Controls/FluentWinUI3/light/images/editablecombobox-background-open-pressed.png
32297750f17ff2595f94c94ffe379f1d400c80c0bcb145bda6565e0165727a37	932	other	/home/rootitanium/qml/QtQuick/Controls/FluentWinUI3/light/images/editablecombobox-background-open-pressed@2x.png
8f31e9f6dbe509a60f161d49580499f27e953693b7a8705b02a0bbc9d256ac4e	1493	other	/home/rootitanium/qml/QtQuick/Controls/FluentWinUI3/light/images/editablecombobox-background-open-pressed@3x.png
2bc47bd96c56063f0708b773931de60869bcc74858e348188813262d6ffb1b02	389	other	/home/rootitanium/qml/QtQuick/Controls/FluentWinUI3/light/images/editablecombobox-background-open.png
32297750f17ff2595f94c94ffe379f1d400c80c0bcb145bda6565e0165727a37	932	other	/home/rootitanium/qml/QtQuick/Controls/FluentWinUI3/light/images/editablecombobox-background-open@2x.png
8f31e9f6dbe509a60f161d49580499f27e953693b7a8705b02a0bbc9d256ac4e	1493	other	/home/rootitanium/qml/QtQuick/Controls/FluentWinUI3/light/images/editablecombobox-background-open@3x.png
0941ec5da06f1cafe91004c1b035997609ab1eef1f39a9ac5f0bb558dd8f93eb	125	other	/home/rootitanium/qml/QtQuick/Controls/FluentWinUI3/light/images/editablecombobox-indicator-hovered-open.png
840b43337d232f04aed0b3209a43a0b25bb5f4bb53920620c7e0bcc155743daa	171	other	/home/rootitanium/qml/QtQuick/Controls/FluentWinUI3/light/images/editablecombobox-indicator-hovered-open@2x.png
b74cf0894a7b42aae0630586e321e3cea282724a16e1ed40322cb39014c0041f	184	other	/home/rootitanium/qml/QtQuick/Controls/FluentWinUI3/light/images/editablecombobox-indicator-hovered-open@3x.png
0941ec5da06f1cafe91004c1b035997609ab1eef1f39a9ac5f0bb558dd8f93eb	125	other	/home/rootitanium/qml/QtQuick/Controls/FluentWinUI3/light/images/editablecombobox-indicator-open-pressed.png
840b43337d232f04aed0b3209a43a0b25bb5f4bb53920620c7e0bcc155743daa	171	other	/home/rootitanium/qml/QtQuick/Controls/FluentWinUI3/light/images/editablecombobox-indicator-open-pressed@2x.png
b74cf0894a7b42aae0630586e321e3cea282724a16e1ed40322cb39014c0041f	184	other	/home/rootitanium/qml/QtQuick/Controls/FluentWinUI3/light/images/editablecombobox-indicator-open-pressed@3x.png
0941ec5da06f1cafe91004c1b035997609ab1eef1f39a9ac5f0bb558dd8f93eb	125	other	/home/rootitanium/qml/QtQuick/Controls/FluentWinUI3/light/images/editablecombobox-indicator-open.png
840b43337d232f04aed0b3209a43a0b25bb5f4bb53920620c7e0bcc155743daa	171	other	/home/rootitanium/qml/QtQuick/Controls/FluentWinUI3/light/images/editablecombobox-indicator-open@2x.png
b74cf0894a7b42aae0630586e321e3cea282724a16e1ed40322cb39014c0041f	184	other	/home/rootitanium/qml/QtQuick/Controls/FluentWinUI3/light/images/editablecombobox-indicator-open@3x.png
9bbfc57d26160aa9fdf885358fc89aaae9258419be1fa0a60544d23e4c52a3d8	4029	other	/home/rootitanium/qml/QtQuick/Controls/FluentWinUI3/light/images/editablecombobox-popup-background-hovered-open.png
68bb0080f05b810c785098bddb9ce7b9949e322a374c65b4c7ad99ac107a10be	8092	other	/home/rootitanium/qml/QtQuick/Controls/FluentWinUI3/light/images/editablecombobox-popup-background-hovered-open@2x.png
c0f2676c1b75d123bb19cc6fbfcd067d823a7693cf89fecf73c32a3cb934e9a0	15720	other	/home/rootitanium/qml/QtQuick/Controls/FluentWinUI3/light/images/editablecombobox-popup-background-hovered-open@3x.png
9bbfc57d26160aa9fdf885358fc89aaae9258419be1fa0a60544d23e4c52a3d8	4029	other	/home/rootitanium/qml/QtQuick/Controls/FluentWinUI3/light/images/editablecombobox-popup-background-open-pressed.png
68bb0080f05b810c785098bddb9ce7b9949e322a374c65b4c7ad99ac107a10be	8092	other	/home/rootitanium/qml/QtQuick/Controls/FluentWinUI3/light/images/editablecombobox-popup-background-open-pressed@2x.png
c0f2676c1b75d123bb19cc6fbfcd067d823a7693cf89fecf73c32a3cb934e9a0	15720	other	/home/rootitanium/qml/QtQuick/Controls/FluentWinUI3/light/images/editablecombobox-popup-background-open-pressed@3x.png
9bbfc57d26160aa9fdf885358fc89aaae9258419be1fa0a60544d23e4c52a3d8	4029	other	/home/rootitanium/qml/QtQuick/Controls/FluentWinUI3/light/images/editablecombobox-popup-background-open.png
68bb0080f05b810c785098bddb9ce7b9949e322a374c65b4c7ad99ac107a10be	8092	other	/home/rootitanium/qml/QtQuick/Controls/FluentWinUI3/light/images/editablecombobox-popup-background-open@2x.png
c0f2676c1b75d123bb19cc6fbfcd067d823a7693cf89fecf73c32a3cb934e9a0	15720	other	/home/rootitanium/qml/QtQuick/Controls/FluentWinUI3/light/images/editablecombobox-popup-background-open@3x.png
12435f4bc5d7adfa24c605bbbfbcc92b5e37f160e060e15821ed1c8f69bdce46	356	other	/home/rootitanium/qml/QtQuick/Controls/FluentWinUI3/light/images/frame-background-disabled.png
b7668daa0d62ce56a50400dd0f8973d1b39bb1fe99b1acf8c85e8e119df76231	616	other	/home/rootitanium/qml/QtQuick/Controls/FluentWinUI3/light/images/frame-background-disabled@2x.png
d07df628d6ed8388d926a55ca2edd9ec639b26edcbcccdf6b0210b498f8346e6	891	other	/home/rootitanium/qml/QtQuick/Controls/FluentWinUI3/light/images/frame-background-disabled@3x.png
12435f4bc5d7adfa24c605bbbfbcc92b5e37f160e060e15821ed1c8f69bdce46	356	other	/home/rootitanium/qml/QtQuick/Controls/FluentWinUI3/light/images/frame-background.png
b7668daa0d62ce56a50400dd0f8973d1b39bb1fe99b1acf8c85e8e119df76231	616	other	/home/rootitanium/qml/QtQuick/Controls/FluentWinUI3/light/images/frame-background@2x.png
d07df628d6ed8388d926a55ca2edd9ec639b26edcbcccdf6b0210b498f8346e6	891	other	/home/rootitanium/qml/QtQuick/Controls/FluentWinUI3/light/images/frame-background@3x.png
d7585c904a07b57038f7937cd19b518b2ca465eefc3aa176f0e23ff0679ea942	178	other	/home/rootitanium/qml/QtQuick/Controls/FluentWinUI3/light/images/itemdelegate-background-highlighted-hovered.png
fe96c7fddd6a33588dc4bdd2881ac3e972d6c019be15d595f5668e059ded738f	244	other	/home/rootitanium/qml/QtQuick/Controls/FluentWinUI3/light/images/itemdelegate-background-highlighted-hovered@2x.png
5f81a72696418ba2acca392d8aa5ddc94a2b873275d8ab17fb64ef3b6d6f981a	327	other	/home/rootitanium/qml/QtQuick/Controls/FluentWinUI3/light/images/itemdelegate-background-highlighted-hovered@3x.png
19d7d5549de518ea1ff075f9d5d35e5b4698014d9e8e186f8071a0ecd2bbac42	165	other	/home/rootitanium/qml/QtQuick/Controls/FluentWinUI3/light/images/itemdelegate-background-highlighted-pressed.png
18c78813da1e920da9c34722944c231ae43c12648cf2ffa25505dc60ab291745	227	other	/home/rootitanium/qml/QtQuick/Controls/FluentWinUI3/light/images/itemdelegate-background-highlighted-pressed@2x.png
77e002c978d85086f4aba5f73d4916430638bd470986dc92da89402c7d266207	301	other	/home/rootitanium/qml/QtQuick/Controls/FluentWinUI3/light/images/itemdelegate-background-highlighted-pressed@3x.png
d7585c904a07b57038f7937cd19b518b2ca465eefc3aa176f0e23ff0679ea942	178	other	/home/rootitanium/qml/QtQuick/Controls/FluentWinUI3/light/images/itemdelegate-background-highlighted.png
fe96c7fddd6a33588dc4bdd2881ac3e972d6c019be15d595f5668e059ded738f	244	other	/home/rootitanium/qml/QtQuick/Controls/FluentWinUI3/light/images/itemdelegate-background-highlighted@2x.png
5f81a72696418ba2acca392d8aa5ddc94a2b873275d8ab17fb64ef3b6d6f981a	327	other	/home/rootitanium/qml/QtQuick/Controls/FluentWinUI3/light/images/itemdelegate-background-highlighted@3x.png
d7585c904a07b57038f7937cd19b518b2ca465eefc3aa176f0e23ff0679ea942	178	other	/home/rootitanium/qml/QtQuick/Controls/FluentWinUI3/light/images/itemdelegate-background-hovered.png
fe96c7fddd6a33588dc4bdd2881ac3e972d6c019be15d595f5668e059ded738f	244	other	/home/rootitanium/qml/QtQuick/Controls/FluentWinUI3/light/images/itemdelegate-background-hovered@2x.png
5f81a72696418ba2acca392d8aa5ddc94a2b873275d8ab17fb64ef3b6d6f981a	327	other	/home/rootitanium/qml/QtQuick/Controls/FluentWinUI3/light/images/itemdelegate-background-hovered@3x.png
19d7d5549de518ea1ff075f9d5d35e5b4698014d9e8e186f8071a0ecd2bbac42	165	other	/home/rootitanium/qml/QtQuick/Controls/FluentWinUI3/light/images/itemdelegate-background-pressed.png
18c78813da1e920da9c34722944c231ae43c12648cf2ffa25505dc60ab291745	227	other	/home/rootitanium/qml/QtQuick/Controls/FluentWinUI3/light/images/itemdelegate-background-pressed@2x.png
77e002c978d85086f4aba5f73d4916430638bd470986dc92da89402c7d266207	301	other	/home/rootitanium/qml/QtQuick/Controls/FluentWinUI3/light/images/itemdelegate-background-pressed@3x.png
3a5d8b8b50a976ee517d7af207883a4760babca6e5c0ca454da4a1a2b17941ff	161	other	/home/rootitanium/qml/QtQuick/Controls/FluentWinUI3/light/images/pageindicatordelegate-indicator-delegate-current-hovered.png
8492c7e48ddab82cbd2f3e2939a048f3f5c927301d4ec6c69528eb3200d3e3e6	239	other	/home/rootitanium/qml/QtQuick/Controls/FluentWinUI3/light/images/pageindicatordelegate-indicator-delegate-current-hovered@2x.png
3e76c21b4c0beff62d5f8c631c6170c586854d917920544aafb4ddc7ccb8b4cb	282	other	/home/rootitanium/qml/QtQuick/Controls/FluentWinUI3/light/images/pageindicatordelegate-indicator-delegate-current-hovered@3x.png
9913afd178d83599d0b6de0da4859d8f57a24337f8bf730e0479a4b77714ffab	154	other	/home/rootitanium/qml/QtQuick/Controls/FluentWinUI3/light/images/pageindicatordelegate-indicator-delegate-current-pressed.png
f231c4773ac7584d3608e848ce03b75868a6f165f5a2a273e8517c413c1e8685	187	other	/home/rootitanium/qml/QtQuick/Controls/FluentWinUI3/light/images/pageindicatordelegate-indicator-delegate-current-pressed@2x.png
eb1772357ec25d02f8467e18e76b6585d36ac1adecf192c9b37e3299b512282b	254	other	/home/rootitanium/qml/QtQuick/Controls/FluentWinUI3/light/images/pageindicatordelegate-indicator-delegate-current-pressed@3x.png
3c2838fc436b97b1c1f931d3a697ed0fc2bba97a73fca86527352f3aa18ab34b	150	other	/home/rootitanium/qml/QtQuick/Controls/FluentWinUI3/light/images/pageindicatordelegate-indicator-delegate-current.png
35e58198fc6117933b3af54c8b0f93f4fe84b3e177ca1a0440abb642176420bf	222	other	/home/rootitanium/qml/QtQuick/Controls/FluentWinUI3/light/images/pageindicatordelegate-indicator-delegate-current@2x.png
36e535422014d40df2b8a9fa0d2ae49a997be9f53fdd8eada57756ffd10a1c43	281	other	/home/rootitanium/qml/QtQuick/Controls/FluentWinUI3/light/images/pageindicatordelegate-indicator-delegate-current@3x.png
b9c4f2e7655072abe8739fa98a08d299922b98f4affde49bf51b1b93eb2caabf	106	other	/home/rootitanium/qml/QtQuick/Controls/FluentWinUI3/light/images/pageindicatordelegate-indicator-delegate-pressed.png
e504bc2ee29d102aaa76313b42a79502c7331e64bd263e0b2f33061b14c4995a	152	other	/home/rootitanium/qml/QtQuick/Controls/FluentWinUI3/light/images/pageindicatordelegate-indicator-delegate-pressed@2x.png
c0fbe3d0f453aad67a053af2c3fa6245b61179cba781a08bd021052c0536da4b	197	other	/home/rootitanium/qml/QtQuick/Controls/FluentWinUI3/light/images/pageindicatordelegate-indicator-delegate-pressed@3x.png
a8eadbfe4c9abacd3834532ee690bf9dc0f48e68564bd4fd50203d1e18575112	132	other	/home/rootitanium/qml/QtQuick/Controls/FluentWinUI3/light/images/pageindicatordelegate-indicator-disabled.png
2917ab23fac4833d3473dd1a38867118270e9e54edd0e40d2debf9cbcd7ca9b9	172	other	/home/rootitanium/qml/QtQuick/Controls/FluentWinUI3/light/images/pageindicatordelegate-indicator-disabled@2x.png
249bf188003477f6d8d316553e9379356de333c95f96c3eca8789c6825185979	205	other	/home/rootitanium/qml/QtQuick/Controls/FluentWinUI3/light/images/pageindicatordelegate-indicator-disabled@3x.png
9913afd178d83599d0b6de0da4859d8f57a24337f8bf730e0479a4b77714ffab	154	other	/home/rootitanium/qml/QtQuick/Controls/FluentWinUI3/light/images/pageindicatordelegate-indicator-hovered.png
f231c4773ac7584d3608e848ce03b75868a6f165f5a2a273e8517c413c1e8685	187	other	/home/rootitanium/qml/QtQuick/Controls/FluentWinUI3/light/images/pageindicatordelegate-indicator-hovered@2x.png
eb1772357ec25d02f8467e18e76b6585d36ac1adecf192c9b37e3299b512282b	254	other	/home/rootitanium/qml/QtQuick/Controls/FluentWinUI3/light/images/pageindicatordelegate-indicator-hovered@3x.png
e1ce6b65428cb6003889047720702574eadda5afc070230c83d9b6837742e284	135	other	/home/rootitanium/qml/QtQuick/Controls/FluentWinUI3/light/images/pageindicatordelegate-indicator.png
46c14b9858e254c5f3eb0651c27fdfeb6341f8b39dea490b15f220d916c87e0b	180	other	/home/rootitanium/qml/QtQuick/Controls/FluentWinUI3/light/images/pageindicatordelegate-indicator@2x.png
f297e3e8eb121e947485b708339dacfad0179a350fa13ce82bca5524f121975f	228	other	/home/rootitanium/qml/QtQuick/Controls/FluentWinUI3/light/images/pageindicatordelegate-indicator@3x.png
7690c5117ee4b9d3e272732f2a6b1c5cba56045ff393a8435bdfffcf026a1315	5538	other	/home/rootitanium/qml/QtQuick/Controls/FluentWinUI3/light/images/popup-background.png
9cc0d68cd4c31c60e81df6546f57cdc15efc329f446ec4022144ee9ce3cb600b	13452	other	/home/rootitanium/qml/QtQuick/Controls/FluentWinUI3/light/images/popup-background@2x.png
a66cf5760765a24b98cf93f033bd069b114882b19c6b5f5061e886f38a0e7bea	26289	other	/home/rootitanium/qml/QtQuick/Controls/FluentWinUI3/light/images/popup-background@3x.png
1d6b5a8714db160ddba7a7f251c94615418b71cb59c4d727a60c9a2a997c5ac6	81	other	/home/rootitanium/qml/QtQuick/Controls/FluentWinUI3/light/images/progressbar-groove-disabled.png
737d2e588c50cc4644237efcd3f9454d4bc1a92b2158b0dd91a0c3efafdcbd2d	97	other	/home/rootitanium/qml/QtQuick/Controls/FluentWinUI3/light/images/progressbar-groove-disabled@2x.png
d359b5bee9e8d834606d133fa4acd1c61dfcb411610066c0813a477d3961b8e0	112	other	/home/rootitanium/qml/QtQuick/Controls/FluentWinUI3/light/images/progressbar-groove-disabled@3x.png
d5d688b1324e336fa9d17d71691930baf9e1ab256ef9e20c4e9fbaa6b2c36e76	81	other	/home/rootitanium/qml/QtQuick/Controls/FluentWinUI3/light/images/progressbar-groove.png
f4ccd6280273a85701b971bc87e95c87b4b66af05ccb192e8b1c7b58a328300d	101	other	/home/rootitanium/qml/QtQuick/Controls/FluentWinUI3/light/images/progressbar-groove@2x.png
b8b248d9972f816598462df8e77b6df5a3ba0c5b4ddef8d4c8633c350313f336	113	other	/home/rootitanium/qml/QtQuick/Controls/FluentWinUI3/light/images/progressbar-groove@3x.png
bb263a4f849a27cda6b0ec6cab4143e6c2e98f11aaafc2eeae1a1d8fb95fa0f9	280	other	/home/rootitanium/qml/QtQuick/Controls/FluentWinUI3/light/images/radiobutton-indicator-checked-disabled.png
e8b4de89d5ab141a7fd5c8a9a68acf5cfc555486552d57345318edf508df552e	409	other	/home/rootitanium/qml/QtQuick/Controls/FluentWinUI3/light/images/radiobutton-indicator-checked-disabled@2x.png
ef7a7b560d2376aa2dfe061cff13232d45ef07470fbdbe703ac69b6e78699aa1	526	other	/home/rootitanium/qml/QtQuick/Controls/FluentWinUI3/light/images/radiobutton-indicator-checked-disabled@3x.png
daba4cdb0f25143c53efe6b167679288132bf897ebbd8e515db9f216f6ee47d1	326	other	/home/rootitanium/qml/QtQuick/Controls/FluentWinUI3/light/images/radiobutton-indicator-checked-hovered.png
62869406126a84d11234302919e1dade8b4e37b95466fa769c3eae81b6aff815	530	other	/home/rootitanium/qml/QtQuick/Controls/FluentWinUI3/light/images/radiobutton-indicator-checked-hovered@2x.png
acc84c9a9c4837ca90387df1927f4166138254f1420d82784557cd49f7b81dc2	673	other	/home/rootitanium/qml/QtQuick/Controls/FluentWinUI3/light/images/radiobutton-indicator-checked-hovered@3x.png
d63e607912a99c042cae5d86bc1e08386423b31b0409a5b97253847b04905939	327	other	/home/rootitanium/qml/QtQuick/Controls/FluentWinUI3/light/images/radiobutton-indicator-checked-pressed.png
8ece7ecd8dd4f2178c6071ee9230787e7c703a735a516d0faa824c8f08c60a7b	548	other	/home/rootitanium/qml/QtQuick/Controls/FluentWinUI3/light/images/radiobutton-indicator-checked-pressed@2x.png
4bdd9455de0e2b334627f8de98b93a26da964256c9ae15c872b23ec768cec7e2	684	other	/home/rootitanium/qml/QtQuick/Controls/FluentWinUI3/light/images/radiobutton-indicator-checked-pressed@3x.png
91c12005ba41733683493c77f3f139500a20d94dbc0a927eb582a6a43d87623f	288	other	/home/rootitanium/qml/QtQuick/Controls/FluentWinUI3/light/images/radiobutton-indicator-checked.png
2853bb46d2f166dfb245951fb4351e018c271dbaa4c35ea739a6194668ebaa4d	432	other	/home/rootitanium/qml/QtQuick/Controls/FluentWinUI3/light/images/radiobutton-indicator-checked@2x.png
eb4df561a82d47b7a7d8992f9db2c25b7e554fed73a1a33bc4bc6ba5e6b6df72	567	other	/home/rootitanium/qml/QtQuick/Controls/FluentWinUI3/light/images/radiobutton-indicator-checked@3x.png
a7bf141666c258757f48a6c4981aae75e4ea7160b6a24a2978032d6a55006544	341	other	/home/rootitanium/qml/QtQuick/Controls/FluentWinUI3/light/images/radiobutton-indicator-disabled.png
bbc5b54b0b187711ab37223b128fc2ca640b87ce39ec8c43283fc1c7fe1e61a1	532	other	/home/rootitanium/qml/QtQuick/Controls/FluentWinUI3/light/images/radiobutton-indicator-disabled@2x.png
9bb595aa73ef1755ab7e01c4a6b21b70b15e2bedabd0590b61b3ee56d45425ec	700	other	/home/rootitanium/qml/QtQuick/Controls/FluentWinUI3/light/images/radiobutton-indicator-disabled@3x.png
273a799e8e6e8fa875dc8008a7f712760dfb306c5139ee54eb98356078b23f89	388	other	/home/rootitanium/qml/QtQuick/Controls/FluentWinUI3/light/images/radiobutton-indicator-hovered.png
bdd415803436fdb5407376eec08df33323a781fee1cf19871e32e0277acc87db	619	other	/home/rootitanium/qml/QtQuick/Controls/FluentWinUI3/light/images/radiobutton-indicator-hovered@2x.png
3f0ceb2685a77849ed3f66131ed7c39a892148da654368d97b6e05ea0cf37b77	793	other	/home/rootitanium/qml/QtQuick/Controls/FluentWinUI3/light/images/radiobutton-indicator-hovered@3x.png
bd3036de9978af6ba9b883ebee57f2516b3d432cca3d62adf0c04251fe20d16f	360	other	/home/rootitanium/qml/QtQuick/Controls/FluentWinUI3/light/images/radiobutton-indicator-pressed.png
21a20c9ab4c736482fa216f0aff0c67fc8fa355903d9e843d82e038624bbd833	573	other	/home/rootitanium/qml/QtQuick/Controls/FluentWinUI3/light/images/radiobutton-indicator-pressed@2x.png
c234d7bbb4b7f417438bd5b24e4618316a3cc7d0c9abd8d1cfae5e98d47e94b7	756	other	/home/rootitanium/qml/QtQuick/Controls/FluentWinUI3/light/images/radiobutton-indicator-pressed@3x.png
968343cfcd4751c55dd7e0f3a7d46ea8561b82361a3e669309ac95232ac797e4	397	other	/home/rootitanium/qml/QtQuick/Controls/FluentWinUI3/light/images/radiobutton-indicator.png
2d94ddf31d68bdd581c8787b630f5970c80bd2b6e3841d474f7b2e4264152041	637	other	/home/rootitanium/qml/QtQuick/Controls/FluentWinUI3/light/images/radiobutton-indicator@2x.png
39e9ac27287f63c30d7f433fd6210cf4527d20580cb4c5a66f00e48332181d39	820	other	/home/rootitanium/qml/QtQuick/Controls/FluentWinUI3/light/images/radiobutton-indicator@3x.png
d0f2f23ce73f6559fa3a61f4e7c068875e321dc6aca3a0eb6a423ae94054b92a	343	other	/home/rootitanium/qml/QtQuick/Controls/FluentWinUI3/light/images/rangeslider-first-handle-disabled.png
5d2c7b18155db2f3583896fde0addccc481a816a9b36531b201bc5e31bbb35ab	590	other	/home/rootitanium/qml/QtQuick/Controls/FluentWinUI3/light/images/rangeslider-first-handle-disabled@2x.png
7afea33b4b6109fccad617fc05ba2ffc422bc60b02e805303e129ca9954953a1	780	other	/home/rootitanium/qml/QtQuick/Controls/FluentWinUI3/light/images/rangeslider-first-handle-disabled@3x.png
d0f2f23ce73f6559fa3a61f4e7c068875e321dc6aca3a0eb6a423ae94054b92a	343	other	/home/rootitanium/qml/QtQuick/Controls/FluentWinUI3/light/images/rangeslider-first-handle-handle-pressed.png
5d2c7b18155db2f3583896fde0addccc481a816a9b36531b201bc5e31bbb35ab	590	other	/home/rootitanium/qml/QtQuick/Controls/FluentWinUI3/light/images/rangeslider-first-handle-handle-pressed@2x.png
7afea33b4b6109fccad617fc05ba2ffc422bc60b02e805303e129ca9954953a1	780	other	/home/rootitanium/qml/QtQuick/Controls/FluentWinUI3/light/images/rangeslider-first-handle-handle-pressed@3x.png
3bd1cba7b0517257de59ea097e188ebaa706b7bbfca338a29ddbec2d944c5567	513	other	/home/rootitanium/qml/QtQuick/Controls/FluentWinUI3/light/images/rangeslider-first-handle-hovered.png
caf1dc9e14b96d649fbc00a5210fbd0e209fee56c724ba746ea7a22edf73d5ac	1086	other	/home/rootitanium/qml/QtQuick/Controls/FluentWinUI3/light/images/rangeslider-first-handle-hovered@2x.png
34a47dc79f253f27a7757d747f3402559294fe080d1409890ffaeaad1a3d7b1e	1545	other	/home/rootitanium/qml/QtQuick/Controls/FluentWinUI3/light/images/rangeslider-first-handle-hovered@3x.png
3bd1cba7b0517257de59ea097e188ebaa706b7bbfca338a29ddbec2d944c5567	513	other	/home/rootitanium/qml/QtQuick/Controls/FluentWinUI3/light/images/rangeslider-first-handle.png
caf1dc9e14b96d649fbc00a5210fbd0e209fee56c724ba746ea7a22edf73d5ac	1086	other	/home/rootitanium/qml/QtQuick/Controls/FluentWinUI3/light/images/rangeslider-first-handle@2x.png
34a47dc79f253f27a7757d747f3402559294fe080d1409890ffaeaad1a3d7b1e	1545	other	/home/rootitanium/qml/QtQuick/Controls/FluentWinUI3/light/images/rangeslider-first-handle@3x.png
a3f3e6efaaac54bbf0ed0485b7cc41ec04be9497f5903646a5c363dbe6c9936b	128	other	/home/rootitanium/qml/QtQuick/Controls/FluentWinUI3/light/images/rangeslider-groove-disabled.png
fea9a28d7390d7c201760840705e6ccf484f566a8dfe5ff32e509703b2c154d4	174	other	/home/rootitanium/qml/QtQuick/Controls/FluentWinUI3/light/images/rangeslider-groove-disabled@2x.png
eaf11b181d7a501ee66c823ebaaf7db3321beeeb3801cddddc5066dfa0674878	212	other	/home/rootitanium/qml/QtQuick/Controls/FluentWinUI3/light/images/rangeslider-groove-disabled@3x.png
3235f1b7e4fa0d316b1aa5c3b92ea6586daee896e43222f648670e8fa6d71368	128	other	/home/rootitanium/qml/QtQuick/Controls/FluentWinUI3/light/images/rangeslider-groove-handle-pressed.png
5ad959df793d952cc1b275096ee13eeb553dc0357caa2efcf2a4350363a6d363	180	other	/home/rootitanium/qml/QtQuick/Controls/FluentWinUI3/light/images/rangeslider-groove-handle-pressed@2x.png
9a91628cce9d93e0943532402060b64790218c391bbd3ea7367c29c0e266adb5	231	other	/home/rootitanium/qml/QtQuick/Controls/FluentWinUI3/light/images/rangeslider-groove-handle-pressed@3x.png
3235f1b7e4fa0d316b1aa5c3b92ea6586daee896e43222f648670e8fa6d71368	128	other	/home/rootitanium/qml/QtQuick/Controls/FluentWinUI3/light/images/rangeslider-groove-hovered.png
5ad959df793d952cc1b275096ee13eeb553dc0357caa2efcf2a4350363a6d363	180	other	/home/rootitanium/qml/QtQuick/Controls/FluentWinUI3/light/images/rangeslider-groove-hovered@2x.png
9a91628cce9d93e0943532402060b64790218c391bbd3ea7367c29c0e266adb5	231	other	/home/rootitanium/qml/QtQuick/Controls/FluentWinUI3/light/images/rangeslider-groove-hovered@3x.png
3235f1b7e4fa0d316b1aa5c3b92ea6586daee896e43222f648670e8fa6d71368	128	other	/home/rootitanium/qml/QtQuick/Controls/FluentWinUI3/light/images/rangeslider-groove.png
5ad959df793d952cc1b275096ee13eeb553dc0357caa2efcf2a4350363a6d363	180	other	/home/rootitanium/qml/QtQuick/Controls/FluentWinUI3/light/images/rangeslider-groove@2x.png
9a91628cce9d93e0943532402060b64790218c391bbd3ea7367c29c0e266adb5	231	other	/home/rootitanium/qml/QtQuick/Controls/FluentWinUI3/light/images/rangeslider-groove@3x.png
d0f2f23ce73f6559fa3a61f4e7c068875e321dc6aca3a0eb6a423ae94054b92a	343	other	/home/rootitanium/qml/QtQuick/Controls/FluentWinUI3/light/images/rangeslider-second-handle-disabled.png
5d2c7b18155db2f3583896fde0addccc481a816a9b36531b201bc5e31bbb35ab	590	other	/home/rootitanium/qml/QtQuick/Controls/FluentWinUI3/light/images/rangeslider-second-handle-disabled@2x.png
7afea33b4b6109fccad617fc05ba2ffc422bc60b02e805303e129ca9954953a1	780	other	/home/rootitanium/qml/QtQuick/Controls/FluentWinUI3/light/images/rangeslider-second-handle-disabled@3x.png
d0f2f23ce73f6559fa3a61f4e7c068875e321dc6aca3a0eb6a423ae94054b92a	343	other	/home/rootitanium/qml/QtQuick/Controls/FluentWinUI3/light/images/rangeslider-second-handle-handle-pressed.png
5d2c7b18155db2f3583896fde0addccc481a816a9b36531b201bc5e31bbb35ab	590	other	/home/rootitanium/qml/QtQuick/Controls/FluentWinUI3/light/images/rangeslider-second-handle-handle-pressed@2x.png
7afea33b4b6109fccad617fc05ba2ffc422bc60b02e805303e129ca9954953a1	780	other	/home/rootitanium/qml/QtQuick/Controls/FluentWinUI3/light/images/rangeslider-second-handle-handle-pressed@3x.png
3bd1cba7b0517257de59ea097e188ebaa706b7bbfca338a29ddbec2d944c5567	513	other	/home/rootitanium/qml/QtQuick/Controls/FluentWinUI3/light/images/rangeslider-second-handle-hovered.png
caf1dc9e14b96d649fbc00a5210fbd0e209fee56c724ba746ea7a22edf73d5ac	1086	other	/home/rootitanium/qml/QtQuick/Controls/FluentWinUI3/light/images/rangeslider-second-handle-hovered@2x.png
34a47dc79f253f27a7757d747f3402559294fe080d1409890ffaeaad1a3d7b1e	1545	other	/home/rootitanium/qml/QtQuick/Controls/FluentWinUI3/light/images/rangeslider-second-handle-hovered@3x.png
3bd1cba7b0517257de59ea097e188ebaa706b7bbfca338a29ddbec2d944c5567	513	other	/home/rootitanium/qml/QtQuick/Controls/FluentWinUI3/light/images/rangeslider-second-handle.png
caf1dc9e14b96d649fbc00a5210fbd0e209fee56c724ba746ea7a22edf73d5ac	1086	other	/home/rootitanium/qml/QtQuick/Controls/FluentWinUI3/light/images/rangeslider-second-handle@2x.png
34a47dc79f253f27a7757d747f3402559294fe080d1409890ffaeaad1a3d7b1e	1545	other	/home/rootitanium/qml/QtQuick/Controls/FluentWinUI3/light/images/rangeslider-second-handle@3x.png
124e2017ff335a14f6c889028cc101659b749b287c8fe97f7c7cfa68c15c7c72	129	other	/home/rootitanium/qml/QtQuick/Controls/FluentWinUI3/light/images/slider-groove-disabled.png
a2ab7a2818502f7c511628cc856881c9ba5a64f29f780352f085b14aebf5a221	179	other	/home/rootitanium/qml/QtQuick/Controls/FluentWinUI3/light/images/slider-groove-disabled@2x.png
6faef0ec2f14ba93454c9e56d49b464ab16fba987e69380f64a7d1e7b8e0e1a4	214	other	/home/rootitanium/qml/QtQuick/Controls/FluentWinUI3/light/images/slider-groove-disabled@3x.png
233a82176ffcd3c6d906b605bd08e413347ee9df6b09ad746f84469116a54811	129	other	/home/rootitanium/qml/QtQuick/Controls/FluentWinUI3/light/images/slider-groove-hovered.png
ffa7ff4e1328851e3f65e0f07c5d07e6a0b6b3c564a22493a0e53e733a4339c9	176	other	/home/rootitanium/qml/QtQuick/Controls/FluentWinUI3/light/images/slider-groove-hovered@2x.png
f823805fa4d01e7e4584cd2630a9099eb9720419fcead1be34888d32baf94bab	234	other	/home/rootitanium/qml/QtQuick/Controls/FluentWinUI3/light/images/slider-groove-hovered@3x.png
233a82176ffcd3c6d906b605bd08e413347ee9df6b09ad746f84469116a54811	129	other	/home/rootitanium/qml/QtQuick/Controls/FluentWinUI3/light/images/slider-groove-pressed.png
ffa7ff4e1328851e3f65e0f07c5d07e6a0b6b3c564a22493a0e53e733a4339c9	176	other	/home/rootitanium/qml/QtQuick/Controls/FluentWinUI3/light/images/slider-groove-pressed@2x.png
f823805fa4d01e7e4584cd2630a9099eb9720419fcead1be34888d32baf94bab	234	other	/home/rootitanium/qml/QtQuick/Controls/FluentWinUI3/light/images/slider-groove-pressed@3x.png
233a82176ffcd3c6d906b605bd08e413347ee9df6b09ad746f84469116a54811	129	other	/home/rootitanium/qml/QtQuick/Controls/FluentWinUI3/light/images/slider-groove.png
ffa7ff4e1328851e3f65e0f07c5d07e6a0b6b3c564a22493a0e53e733a4339c9	176	other	/home/rootitanium/qml/QtQuick/Controls/FluentWinUI3/light/images/slider-groove@2x.png
f823805fa4d01e7e4584cd2630a9099eb9720419fcead1be34888d32baf94bab	234	other	/home/rootitanium/qml/QtQuick/Controls/FluentWinUI3/light/images/slider-groove@3x.png
d0f2f23ce73f6559fa3a61f4e7c068875e321dc6aca3a0eb6a423ae94054b92a	343	other	/home/rootitanium/qml/QtQuick/Controls/FluentWinUI3/light/images/slider-handle-disabled.png
5d2c7b18155db2f3583896fde0addccc481a816a9b36531b201bc5e31bbb35ab	590	other	/home/rootitanium/qml/QtQuick/Controls/FluentWinUI3/light/images/slider-handle-disabled@2x.png
7afea33b4b6109fccad617fc05ba2ffc422bc60b02e805303e129ca9954953a1	780	other	/home/rootitanium/qml/QtQuick/Controls/FluentWinUI3/light/images/slider-handle-disabled@3x.png
3bd1cba7b0517257de59ea097e188ebaa706b7bbfca338a29ddbec2d944c5567	513	other	/home/rootitanium/qml/QtQuick/Controls/FluentWinUI3/light/images/slider-handle-hovered.png
caf1dc9e14b96d649fbc00a5210fbd0e209fee56c724ba746ea7a22edf73d5ac	1086	other	/home/rootitanium/qml/QtQuick/Controls/FluentWinUI3/light/images/slider-handle-hovered@2x.png
34a47dc79f253f27a7757d747f3402559294fe080d1409890ffaeaad1a3d7b1e	1545	other	/home/rootitanium/qml/QtQuick/Controls/FluentWinUI3/light/images/slider-handle-hovered@3x.png
d0f2f23ce73f6559fa3a61f4e7c068875e321dc6aca3a0eb6a423ae94054b92a	343	other	/home/rootitanium/qml/QtQuick/Controls/FluentWinUI3/light/images/slider-handle-pressed.png
5d2c7b18155db2f3583896fde0addccc481a816a9b36531b201bc5e31bbb35ab	590	other	/home/rootitanium/qml/QtQuick/Controls/FluentWinUI3/light/images/slider-handle-pressed@2x.png
7afea33b4b6109fccad617fc05ba2ffc422bc60b02e805303e129ca9954953a1	780	other	/home/rootitanium/qml/QtQuick/Controls/FluentWinUI3/light/images/slider-handle-pressed@3x.png
3bd1cba7b0517257de59ea097e188ebaa706b7bbfca338a29ddbec2d944c5567	513	other	/home/rootitanium/qml/QtQuick/Controls/FluentWinUI3/light/images/slider-handle.png
caf1dc9e14b96d649fbc00a5210fbd0e209fee56c724ba746ea7a22edf73d5ac	1086	other	/home/rootitanium/qml/QtQuick/Controls/FluentWinUI3/light/images/slider-handle@2x.png
34a47dc79f253f27a7757d747f3402559294fe080d1409890ffaeaad1a3d7b1e	1545	other	/home/rootitanium/qml/QtQuick/Controls/FluentWinUI3/light/images/slider-handle@3x.png
b690ff71125077a35907ee9df97bb986fbebb2ee82b1f443d86e25fd15738204	438	other	/home/rootitanium/qml/QtQuick/Controls/FluentWinUI3/light/images/spinbox-background-atlimit.png
9b1916e06dd0605a1cb61052de50cda49723e08f280dfce484b8b06d54cb1a17	992	other	/home/rootitanium/qml/QtQuick/Controls/FluentWinUI3/light/images/spinbox-background-atlimit@2x.png
ac3911723fbc5dbd7831c4049036f4f9d5b290a52164143d9e4846fc3fa5ceb0	1661	other	/home/rootitanium/qml/QtQuick/Controls/FluentWinUI3/light/images/spinbox-background-atlimit@3x.png
3d16f591fd1985865c7deabed15b3291ef4350b142f12a685549f4027151f3a9	225	other	/home/rootitanium/qml/QtQuick/Controls/FluentWinUI3/light/images/spinbox-background-disabled.png
db13ae6398a4a63cc98350cd5549c6d7f883209be78a37d97eba11e84d1a0552	408	other	/home/rootitanium/qml/QtQuick/Controls/FluentWinUI3/light/images/spinbox-background-disabled@2x.png
db0579c97d09ef783cb536d125b770a046a1bf2bab7e09ea6a690477cfa6b0d5	617	other	/home/rootitanium/qml/QtQuick/Controls/FluentWinUI3/light/images/spinbox-background-disabled@3x.png
b690ff71125077a35907ee9df97bb986fbebb2ee82b1f443d86e25fd15738204	438	other	/home/rootitanium/qml/QtQuick/Controls/FluentWinUI3/light/images/spinbox-background-down-hovered.png
9b1916e06dd0605a1cb61052de50cda49723e08f280dfce484b8b06d54cb1a17	992	other	/home/rootitanium/qml/QtQuick/Controls/FluentWinUI3/light/images/spinbox-background-down-hovered@2x.png
ac3911723fbc5dbd7831c4049036f4f9d5b290a52164143d9e4846fc3fa5ceb0	1661	other	/home/rootitanium/qml/QtQuick/Controls/FluentWinUI3/light/images/spinbox-background-down-hovered@3x.png
b690ff71125077a35907ee9df97bb986fbebb2ee82b1f443d86e25fd15738204	438	other	/home/rootitanium/qml/QtQuick/Controls/FluentWinUI3/light/images/spinbox-background-down-pressed.png
9b1916e06dd0605a1cb61052de50cda49723e08f280dfce484b8b06d54cb1a17	992	other	/home/rootitanium/qml/QtQuick/Controls/FluentWinUI3/light/images/spinbox-background-down-pressed@2x.png
ac3911723fbc5dbd7831c4049036f4f9d5b290a52164143d9e4846fc3fa5ceb0	1661	other	/home/rootitanium/qml/QtQuick/Controls/FluentWinUI3/light/images/spinbox-background-down-pressed@3x.png
792e9515d5daf644883bb910ee672bf47994664f6a12f0f61a298ef4b5c02101	420	other	/home/rootitanium/qml/QtQuick/Controls/FluentWinUI3/light/images/spinbox-background-hovered.png
326cac82545876ddaf60f70db473b7cf78facf994fc412cc059e8cc472c724d5	995	other	/home/rootitanium/qml/QtQuick/Controls/FluentWinUI3/light/images/spinbox-background-hovered@2x.png
c9fb4d68cc1d327cd1d32b915b11e8d358aa615a80c159d8c3d6a78ca534d0ad	1638	other	/home/rootitanium/qml/QtQuick/Controls/FluentWinUI3/light/images/spinbox-background-hovered@3x.png
b690ff71125077a35907ee9df97bb986fbebb2ee82b1f443d86e25fd15738204	438	other	/home/rootitanium/qml/QtQuick/Controls/FluentWinUI3/light/images/spinbox-background-up-hovered.png
9b1916e06dd0605a1cb61052de50cda49723e08f280dfce484b8b06d54cb1a17	992	other	/home/rootitanium/qml/QtQuick/Controls/FluentWinUI3/light/images/spinbox-background-up-hovered@2x.png
ac3911723fbc5dbd7831c4049036f4f9d5b290a52164143d9e4846fc3fa5ceb0	1661	other	/home/rootitanium/qml/QtQuick/Controls/FluentWinUI3/light/images/spinbox-background-up-hovered@3x.png
b690ff71125077a35907ee9df97bb986fbebb2ee82b1f443d86e25fd15738204	438	other	/home/rootitanium/qml/QtQuick/Controls/FluentWinUI3/light/images/spinbox-background-up-pressed.png
9b1916e06dd0605a1cb61052de50cda49723e08f280dfce484b8b06d54cb1a17	992	other	/home/rootitanium/qml/QtQuick/Controls/FluentWinUI3/light/images/spinbox-background-up-pressed@2x.png
ac3911723fbc5dbd7831c4049036f4f9d5b290a52164143d9e4846fc3fa5ceb0	1661	other	/home/rootitanium/qml/QtQuick/Controls/FluentWinUI3/light/images/spinbox-background-up-pressed@3x.png
b690ff71125077a35907ee9df97bb986fbebb2ee82b1f443d86e25fd15738204	438	other	/home/rootitanium/qml/QtQuick/Controls/FluentWinUI3/light/images/spinbox-background.png
9b1916e06dd0605a1cb61052de50cda49723e08f280dfce484b8b06d54cb1a17	992	other	/home/rootitanium/qml/QtQuick/Controls/FluentWinUI3/light/images/spinbox-background@2x.png
ac3911723fbc5dbd7831c4049036f4f9d5b290a52164143d9e4846fc3fa5ceb0	1661	other	/home/rootitanium/qml/QtQuick/Controls/FluentWinUI3/light/images/spinbox-background@3x.png
8285acc7fe450d3a72eed1432566f7aa90af7ee33a154aa7402dc707018979b7	83	other	/home/rootitanium/qml/QtQuick/Controls/FluentWinUI3/light/images/spinbox-indicator-down-background-atlimit.png
4a812392a115a37694707507b84dc3c789fb3880c298cce2a7d31f1d837f601f	92	other	/home/rootitanium/qml/QtQuick/Controls/FluentWinUI3/light/images/spinbox-indicator-down-background-atlimit@2x.png
02530ad19a6a050f2813c5d801a9fe75c9b0fbf4508491c6abb1bbdb72b28734	101	other	/home/rootitanium/qml/QtQuick/Controls/FluentWinUI3/light/images/spinbox-indicator-down-background-atlimit@3x.png
8285acc7fe450d3a72eed1432566f7aa90af7ee33a154aa7402dc707018979b7	83	other	/home/rootitanium/qml/QtQuick/Controls/FluentWinUI3/light/images/spinbox-indicator-down-background-disabled.png
4a812392a115a37694707507b84dc3c789fb3880c298cce2a7d31f1d837f601f	92	other	/home/rootitanium/qml/QtQuick/Controls/FluentWinUI3/light/images/spinbox-indicator-down-background-disabled@2x.png
02530ad19a6a050f2813c5d801a9fe75c9b0fbf4508491c6abb1bbdb72b28734	101	other	/home/rootitanium/qml/QtQuick/Controls/FluentWinUI3/light/images/spinbox-indicator-down-background-disabled@3x.png
e75ed5a1b1f028cfa665127e88e1a7078fc91f91775bf890365a8500d9869db7	166	other	/home/rootitanium/qml/QtQuick/Controls/FluentWinUI3/light/images/spinbox-indicator-down-background-down-hovered.png
9ad904d8e8eb37344bcdde47be90a9271e908e4568c6dde2f7d396ca9e1a1a64	222	other	/home/rootitanium/qml/QtQuick/Controls/FluentWinUI3/light/images/spinbox-indicator-down-background-down-hovered@2x.png
0537d3ed85192a87eda61f3a3232200881d11b11d5b566420bf9efd924442b5d	281	other	/home/rootitanium/qml/QtQuick/Controls/FluentWinUI3/light/images/spinbox-indicator-down-background-down-hovered@3x.png
e75ed5a1b1f028cfa665127e88e1a7078fc91f91775bf890365a8500d9869db7	166	other	/home/rootitanium/qml/QtQuick/Controls/FluentWinUI3/light/images/spinbox-indicator-down-background-down-pressed.png
9ad904d8e8eb37344bcdde47be90a9271e908e4568c6dde2f7d396ca9e1a1a64	222	other	/home/rootitanium/qml/QtQuick/Controls/FluentWinUI3/light/images/spinbox-indicator-down-background-down-pressed@2x.png
0537d3ed85192a87eda61f3a3232200881d11b11d5b566420bf9efd924442b5d	281	other	/home/rootitanium/qml/QtQuick/Controls/FluentWinUI3/light/images/spinbox-indicator-down-background-down-pressed@3x.png
8285acc7fe450d3a72eed1432566f7aa90af7ee33a154aa7402dc707018979b7	83	other	/home/rootitanium/qml/QtQuick/Controls/FluentWinUI3/light/images/spinbox-indicator-down-background-hovered.png
4a812392a115a37694707507b84dc3c789fb3880c298cce2a7d31f1d837f601f	92	other	/home/rootitanium/qml/QtQuick/Controls/FluentWinUI3/light/images/spinbox-indicator-down-background-hovered@2x.png
02530ad19a6a050f2813c5d801a9fe75c9b0fbf4508491c6abb1bbdb72b28734	101	other	/home/rootitanium/qml/QtQuick/Controls/FluentWinUI3/light/images/spinbox-indicator-down-background-hovered@3x.png
8285acc7fe450d3a72eed1432566f7aa90af7ee33a154aa7402dc707018979b7	83	other	/home/rootitanium/qml/QtQuick/Controls/FluentWinUI3/light/images/spinbox-indicator-down-background-up-hovered.png
4a812392a115a37694707507b84dc3c789fb3880c298cce2a7d31f1d837f601f	92	other	/home/rootitanium/qml/QtQuick/Controls/FluentWinUI3/light/images/spinbox-indicator-down-background-up-hovered@2x.png
02530ad19a6a050f2813c5d801a9fe75c9b0fbf4508491c6abb1bbdb72b28734	101	other	/home/rootitanium/qml/QtQuick/Controls/FluentWinUI3/light/images/spinbox-indicator-down-background-up-hovered@3x.png
8285acc7fe450d3a72eed1432566f7aa90af7ee33a154aa7402dc707018979b7	83	other	/home/rootitanium/qml/QtQuick/Controls/FluentWinUI3/light/images/spinbox-indicator-down-background-up-pressed.png
4a812392a115a37694707507b84dc3c789fb3880c298cce2a7d31f1d837f601f	92	other	/home/rootitanium/qml/QtQuick/Controls/FluentWinUI3/light/images/spinbox-indicator-down-background-up-pressed@2x.png
02530ad19a6a050f2813c5d801a9fe75c9b0fbf4508491c6abb1bbdb72b28734	101	other	/home/rootitanium/qml/QtQuick/Controls/FluentWinUI3/light/images/spinbox-indicator-down-background-up-pressed@3x.png
8285acc7fe450d3a72eed1432566f7aa90af7ee33a154aa7402dc707018979b7	83	other	/home/rootitanium/qml/QtQuick/Controls/FluentWinUI3/light/images/spinbox-indicator-down-background.png
4a812392a115a37694707507b84dc3c789fb3880c298cce2a7d31f1d837f601f	92	other	/home/rootitanium/qml/QtQuick/Controls/FluentWinUI3/light/images/spinbox-indicator-down-background@2x.png
02530ad19a6a050f2813c5d801a9fe75c9b0fbf4508491c6abb1bbdb72b28734	101	other	/home/rootitanium/qml/QtQuick/Controls/FluentWinUI3/light/images/spinbox-indicator-down-background@3x.png
b10ddcae3fdd82f4c5ac06ac42ec87ece31bbe6e3b02d2625d89222eaad17f52	134	other	/home/rootitanium/qml/QtQuick/Controls/FluentWinUI3/light/images/spinbox-indicator-down-icon-atlimit.png
d1e3c898ed074bb3614c3bc4bd2b2c0c21cde677f95d10d6705e9eca170abbda	184	other	/home/rootitanium/qml/QtQuick/Controls/FluentWinUI3/light/images/spinbox-indicator-down-icon-atlimit@2x.png
7d86a78aef40bf3e4d5dccb9c365c69609e2f969b65861b94ab887b6d9adb9fe	211	other	/home/rootitanium/qml/QtQuick/Controls/FluentWinUI3/light/images/spinbox-indicator-down-icon-atlimit@3x.png
b10ddcae3fdd82f4c5ac06ac42ec87ece31bbe6e3b02d2625d89222eaad17f52	134	other	/home/rootitanium/qml/QtQuick/Controls/FluentWinUI3/light/images/spinbox-indicator-down-icon-disabled.png
d1e3c898ed074bb3614c3bc4bd2b2c0c21cde677f95d10d6705e9eca170abbda	184	other	/home/rootitanium/qml/QtQuick/Controls/FluentWinUI3/light/images/spinbox-indicator-down-icon-disabled@2x.png
7d86a78aef40bf3e4d5dccb9c365c69609e2f969b65861b94ab887b6d9adb9fe	211	other	/home/rootitanium/qml/QtQuick/Controls/FluentWinUI3/light/images/spinbox-indicator-down-icon-disabled@3x.png
6291f9c78c77f1fb89dd0b43c51daa98c2ab6c98ca737c2ef1f61f1f201b4514	138	other	/home/rootitanium/qml/QtQuick/Controls/FluentWinUI3/light/images/spinbox-indicator-down-icon-down-hovered.png
6fd283b8c8f1c96a7b0084a475dc0915cc7db16c938858b6c2fc42a2c286107a	180	other	/home/rootitanium/qml/QtQuick/Controls/FluentWinUI3/light/images/spinbox-indicator-down-icon-down-hovered@2x.png
bfdd4f412de35ced17a26b6090b41befbf11e97578a244798a475c35f1b81685	215	other	/home/rootitanium/qml/QtQuick/Controls/FluentWinUI3/light/images/spinbox-indicator-down-icon-down-hovered@3x.png
869efd2ef5b296343c8f1b6b5c5ba09cba1538756474b1aba6ddef456e26b56e	134	other	/home/rootitanium/qml/QtQuick/Controls/FluentWinUI3/light/images/spinbox-indicator-down-icon-down-pressed.png
0dadd5902c47cfcbaada1ec0824ebcd0c4f3e9f0216ae1f4d275a558e9f72b3a	183	other	/home/rootitanium/qml/QtQuick/Controls/FluentWinUI3/light/images/spinbox-indicator-down-icon-down-pressed@2x.png
7fa1246c57859b5b836b36e4aa1139cdd4b1731ce764acccae910ad9b8c34924	215	other	/home/rootitanium/qml/QtQuick/Controls/FluentWinUI3/light/images/spinbox-indicator-down-icon-down-pressed@3x.png
6291f9c78c77f1fb89dd0b43c51daa98c2ab6c98ca737c2ef1f61f1f201b4514	138	other	/home/rootitanium/qml/QtQuick/Controls/FluentWinUI3/light/images/spinbox-indicator-down-icon-hovered.png
6fd283b8c8f1c96a7b0084a475dc0915cc7db16c938858b6c2fc42a2c286107a	180	other	/home/rootitanium/qml/QtQuick/Controls/FluentWinUI3/light/images/spinbox-indicator-down-icon-hovered@2x.png
bfdd4f412de35ced17a26b6090b41befbf11e97578a244798a475c35f1b81685	215	other	/home/rootitanium/qml/QtQuick/Controls/FluentWinUI3/light/images/spinbox-indicator-down-icon-hovered@3x.png
6291f9c78c77f1fb89dd0b43c51daa98c2ab6c98ca737c2ef1f61f1f201b4514	138	other	/home/rootitanium/qml/QtQuick/Controls/FluentWinUI3/light/images/spinbox-indicator-down-icon-up-hovered.png
6fd283b8c8f1c96a7b0084a475dc0915cc7db16c938858b6c2fc42a2c286107a	180	other	/home/rootitanium/qml/QtQuick/Controls/FluentWinUI3/light/images/spinbox-indicator-down-icon-up-hovered@2x.png
bfdd4f412de35ced17a26b6090b41befbf11e97578a244798a475c35f1b81685	215	other	/home/rootitanium/qml/QtQuick/Controls/FluentWinUI3/light/images/spinbox-indicator-down-icon-up-hovered@3x.png
6291f9c78c77f1fb89dd0b43c51daa98c2ab6c98ca737c2ef1f61f1f201b4514	138	other	/home/rootitanium/qml/QtQuick/Controls/FluentWinUI3/light/images/spinbox-indicator-down-icon-up-pressed.png
6fd283b8c8f1c96a7b0084a475dc0915cc7db16c938858b6c2fc42a2c286107a	180	other	/home/rootitanium/qml/QtQuick/Controls/FluentWinUI3/light/images/spinbox-indicator-down-icon-up-pressed@2x.png
bfdd4f412de35ced17a26b6090b41befbf11e97578a244798a475c35f1b81685	215	other	/home/rootitanium/qml/QtQuick/Controls/FluentWinUI3/light/images/spinbox-indicator-down-icon-up-pressed@3x.png
6291f9c78c77f1fb89dd0b43c51daa98c2ab6c98ca737c2ef1f61f1f201b4514	138	other	/home/rootitanium/qml/QtQuick/Controls/FluentWinUI3/light/images/spinbox-indicator-down-icon.png
6fd283b8c8f1c96a7b0084a475dc0915cc7db16c938858b6c2fc42a2c286107a	180	other	/home/rootitanium/qml/QtQuick/Controls/FluentWinUI3/light/images/spinbox-indicator-down-icon@2x.png
bfdd4f412de35ced17a26b6090b41befbf11e97578a244798a475c35f1b81685	215	other	/home/rootitanium/qml/QtQuick/Controls/FluentWinUI3/light/images/spinbox-indicator-down-icon@3x.png
8285acc7fe450d3a72eed1432566f7aa90af7ee33a154aa7402dc707018979b7	83	other	/home/rootitanium/qml/QtQuick/Controls/FluentWinUI3/light/images/spinbox-indicator-up-background-atlimit.png
4a812392a115a37694707507b84dc3c789fb3880c298cce2a7d31f1d837f601f	92	other	/home/rootitanium/qml/QtQuick/Controls/FluentWinUI3/light/images/spinbox-indicator-up-background-atlimit@2x.png
02530ad19a6a050f2813c5d801a9fe75c9b0fbf4508491c6abb1bbdb72b28734	101	other	/home/rootitanium/qml/QtQuick/Controls/FluentWinUI3/light/images/spinbox-indicator-up-background-atlimit@3x.png
8285acc7fe450d3a72eed1432566f7aa90af7ee33a154aa7402dc707018979b7	83	other	/home/rootitanium/qml/QtQuick/Controls/FluentWinUI3/light/images/spinbox-indicator-up-background-disabled.png
4a812392a115a37694707507b84dc3c789fb3880c298cce2a7d31f1d837f601f	92	other	/home/rootitanium/qml/QtQuick/Controls/FluentWinUI3/light/images/spinbox-indicator-up-background-disabled@2x.png
02530ad19a6a050f2813c5d801a9fe75c9b0fbf4508491c6abb1bbdb72b28734	101	other	/home/rootitanium/qml/QtQuick/Controls/FluentWinUI3/light/images/spinbox-indicator-up-background-disabled@3x.png
8285acc7fe450d3a72eed1432566f7aa90af7ee33a154aa7402dc707018979b7	83	other	/home/rootitanium/qml/QtQuick/Controls/FluentWinUI3/light/images/spinbox-indicator-up-background-down-hovered.png
4a812392a115a37694707507b84dc3c789fb3880c298cce2a7d31f1d837f601f	92	other	/home/rootitanium/qml/QtQuick/Controls/FluentWinUI3/light/images/spinbox-indicator-up-background-down-hovered@2x.png
02530ad19a6a050f2813c5d801a9fe75c9b0fbf4508491c6abb1bbdb72b28734	101	other	/home/rootitanium/qml/QtQuick/Controls/FluentWinUI3/light/images/spinbox-indicator-up-background-down-hovered@3x.png
8285acc7fe450d3a72eed1432566f7aa90af7ee33a154aa7402dc707018979b7	83	other	/home/rootitanium/qml/QtQuick/Controls/FluentWinUI3/light/images/spinbox-indicator-up-background-down-pressed.png
4a812392a115a37694707507b84dc3c789fb3880c298cce2a7d31f1d837f601f	92	other	/home/rootitanium/qml/QtQuick/Controls/FluentWinUI3/light/images/spinbox-indicator-up-background-down-pressed@2x.png
02530ad19a6a050f2813c5d801a9fe75c9b0fbf4508491c6abb1bbdb72b28734	101	other	/home/rootitanium/qml/QtQuick/Controls/FluentWinUI3/light/images/spinbox-indicator-up-background-down-pressed@3x.png
8285acc7fe450d3a72eed1432566f7aa90af7ee33a154aa7402dc707018979b7	83	other	/home/rootitanium/qml/QtQuick/Controls/FluentWinUI3/light/images/spinbox-indicator-up-background-hovered.png
4a812392a115a37694707507b84dc3c789fb3880c298cce2a7d31f1d837f601f	92	other	/home/rootitanium/qml/QtQuick/Controls/FluentWinUI3/light/images/spinbox-indicator-up-background-hovered@2x.png
02530ad19a6a050f2813c5d801a9fe75c9b0fbf4508491c6abb1bbdb72b28734	101	other	/home/rootitanium/qml/QtQuick/Controls/FluentWinUI3/light/images/spinbox-indicator-up-background-hovered@3x.png
e75ed5a1b1f028cfa665127e88e1a7078fc91f91775bf890365a8500d9869db7	166	other	/home/rootitanium/qml/QtQuick/Controls/FluentWinUI3/light/images/spinbox-indicator-up-background-up-hovered.png
9ad904d8e8eb37344bcdde47be90a9271e908e4568c6dde2f7d396ca9e1a1a64	222	other	/home/rootitanium/qml/QtQuick/Controls/FluentWinUI3/light/images/spinbox-indicator-up-background-up-hovered@2x.png
0537d3ed85192a87eda61f3a3232200881d11b11d5b566420bf9efd924442b5d	281	other	/home/rootitanium/qml/QtQuick/Controls/FluentWinUI3/light/images/spinbox-indicator-up-background-up-hovered@3x.png
e75ed5a1b1f028cfa665127e88e1a7078fc91f91775bf890365a8500d9869db7	166	other	/home/rootitanium/qml/QtQuick/Controls/FluentWinUI3/light/images/spinbox-indicator-up-background-up-pressed.png
9ad904d8e8eb37344bcdde47be90a9271e908e4568c6dde2f7d396ca9e1a1a64	222	other	/home/rootitanium/qml/QtQuick/Controls/FluentWinUI3/light/images/spinbox-indicator-up-background-up-pressed@2x.png
0537d3ed85192a87eda61f3a3232200881d11b11d5b566420bf9efd924442b5d	281	other	/home/rootitanium/qml/QtQuick/Controls/FluentWinUI3/light/images/spinbox-indicator-up-background-up-pressed@3x.png
8285acc7fe450d3a72eed1432566f7aa90af7ee33a154aa7402dc707018979b7	83	other	/home/rootitanium/qml/QtQuick/Controls/FluentWinUI3/light/images/spinbox-indicator-up-background.png
4a812392a115a37694707507b84dc3c789fb3880c298cce2a7d31f1d837f601f	92	other	/home/rootitanium/qml/QtQuick/Controls/FluentWinUI3/light/images/spinbox-indicator-up-background@2x.png
02530ad19a6a050f2813c5d801a9fe75c9b0fbf4508491c6abb1bbdb72b28734	101	other	/home/rootitanium/qml/QtQuick/Controls/FluentWinUI3/light/images/spinbox-indicator-up-background@3x.png
4b558aa986e2596aa6ea0a1405668172a6c489aace2353873f061552bf84a300	132	other	/home/rootitanium/qml/QtQuick/Controls/FluentWinUI3/light/images/spinbox-indicator-up-icon-atlimit.png
5adcfe34790c09a270c2e33dc3c73f6e4d4e83b489c232b29757e4e2e5763a91	164	other	/home/rootitanium/qml/QtQuick/Controls/FluentWinUI3/light/images/spinbox-indicator-up-icon-atlimit@2x.png
6e37ec0527dd3c6ec8b2646a5bd6e5fdee1b6077524af40ec8abba28c1ae33fa	203	other	/home/rootitanium/qml/QtQuick/Controls/FluentWinUI3/light/images/spinbox-indicator-up-icon-atlimit@3x.png
4b558aa986e2596aa6ea0a1405668172a6c489aace2353873f061552bf84a300	132	other	/home/rootitanium/qml/QtQuick/Controls/FluentWinUI3/light/images/spinbox-indicator-up-icon-disabled.png
5adcfe34790c09a270c2e33dc3c73f6e4d4e83b489c232b29757e4e2e5763a91	164	other	/home/rootitanium/qml/QtQuick/Controls/FluentWinUI3/light/images/spinbox-indicator-up-icon-disabled@2x.png
6e37ec0527dd3c6ec8b2646a5bd6e5fdee1b6077524af40ec8abba28c1ae33fa	203	other	/home/rootitanium/qml/QtQuick/Controls/FluentWinUI3/light/images/spinbox-indicator-up-icon-disabled@3x.png
95bc4afbc55494f30ec3553ae051c73b535e9aad45426eb373cb788f25f88caa	131	other	/home/rootitanium/qml/QtQuick/Controls/FluentWinUI3/light/images/spinbox-indicator-up-icon-down-hovered.png
d5a68925a3626dabc5a773663cd0134ae03c908c0c8adb4381578078c3fc056e	164	other	/home/rootitanium/qml/QtQuick/Controls/FluentWinUI3/light/images/spinbox-indicator-up-icon-down-hovered@2x.png
9bef876bbd6193e05e5e0ad50706ee454d1ea71da782a6f9e9bf8e5e71bb920d	206	other	/home/rootitanium/qml/QtQuick/Controls/FluentWinUI3/light/images/spinbox-indicator-up-icon-down-hovered@3x.png
95bc4afbc55494f30ec3553ae051c73b535e9aad45426eb373cb788f25f88caa	131	other	/home/rootitanium/qml/QtQuick/Controls/FluentWinUI3/light/images/spinbox-indicator-up-icon-down-pressed.png
d5a68925a3626dabc5a773663cd0134ae03c908c0c8adb4381578078c3fc056e	164	other	/home/rootitanium/qml/QtQuick/Controls/FluentWinUI3/light/images/spinbox-indicator-up-icon-down-pressed@2x.png
9bef876bbd6193e05e5e0ad50706ee454d1ea71da782a6f9e9bf8e5e71bb920d	206	other	/home/rootitanium/qml/QtQuick/Controls/FluentWinUI3/light/images/spinbox-indicator-up-icon-down-pressed@3x.png
95bc4afbc55494f30ec3553ae051c73b535e9aad45426eb373cb788f25f88caa	131	other	/home/rootitanium/qml/QtQuick/Controls/FluentWinUI3/light/images/spinbox-indicator-up-icon-hovered.png
d5a68925a3626dabc5a773663cd0134ae03c908c0c8adb4381578078c3fc056e	164	other	/home/rootitanium/qml/QtQuick/Controls/FluentWinUI3/light/images/spinbox-indicator-up-icon-hovered@2x.png
9bef876bbd6193e05e5e0ad50706ee454d1ea71da782a6f9e9bf8e5e71bb920d	206	other	/home/rootitanium/qml/QtQuick/Controls/FluentWinUI3/light/images/spinbox-indicator-up-icon-hovered@3x.png
95bc4afbc55494f30ec3553ae051c73b535e9aad45426eb373cb788f25f88caa	131	other	/home/rootitanium/qml/QtQuick/Controls/FluentWinUI3/light/images/spinbox-indicator-up-icon-up-hovered.png
d5a68925a3626dabc5a773663cd0134ae03c908c0c8adb4381578078c3fc056e	164	other	/home/rootitanium/qml/QtQuick/Controls/FluentWinUI3/light/images/spinbox-indicator-up-icon-up-hovered@2x.png
9bef876bbd6193e05e5e0ad50706ee454d1ea71da782a6f9e9bf8e5e71bb920d	206	other	/home/rootitanium/qml/QtQuick/Controls/FluentWinUI3/light/images/spinbox-indicator-up-icon-up-hovered@3x.png
794a9380887b18c0f853e906b6d3e930dcd800e7f14a19ef83d2f6543151cdb5	133	other	/home/rootitanium/qml/QtQuick/Controls/FluentWinUI3/light/images/spinbox-indicator-up-icon-up-pressed.png
aff5699102ec18221b14aec2439eeb211e4f48384cfe158609296a5aac8b7811	169	other	/home/rootitanium/qml/QtQuick/Controls/FluentWinUI3/light/images/spinbox-indicator-up-icon-up-pressed@2x.png
399152a9a5f63296c82ed87ffa7e40e281513fc59901be1b45baa3a88a8e4693	206	other	/home/rootitanium/qml/QtQuick/Controls/FluentWinUI3/light/images/spinbox-indicator-up-icon-up-pressed@3x.png
95bc4afbc55494f30ec3553ae051c73b535e9aad45426eb373cb788f25f88caa	131	other	/home/rootitanium/qml/QtQuick/Controls/FluentWinUI3/light/images/spinbox-indicator-up-icon.png
d5a68925a3626dabc5a773663cd0134ae03c908c0c8adb4381578078c3fc056e	164	other	/home/rootitanium/qml/QtQuick/Controls/FluentWinUI3/light/images/spinbox-indicator-up-icon@2x.png
9bef876bbd6193e05e5e0ad50706ee454d1ea71da782a6f9e9bf8e5e71bb920d	206	other	/home/rootitanium/qml/QtQuick/Controls/FluentWinUI3/light/images/spinbox-indicator-up-icon@3x.png
2d54781387c4398487a62b8395d6dfbaf4b37df0b023d4346d1983b28175596d	528	other	/home/rootitanium/qml/QtQuick/Controls/FluentWinUI3/light/images/textarea-background-disabled.png
d4a8c508e022525049f8a331e1b3f99ffabe486798781c9c2a06f18fc16cb395	1231	other	/home/rootitanium/qml/QtQuick/Controls/FluentWinUI3/light/images/textarea-background-disabled@2x.png
31014ee2cc775bb62207d6057640cd89497435529c0b147736b8fa10059de132	1957	other	/home/rootitanium/qml/QtQuick/Controls/FluentWinUI3/light/images/textarea-background-disabled@3x.png
89a904341d1fa50077c0d2f1cb8fd0543eab15c7c0654d4b6cf7ca46c60d593f	485	other	/home/rootitanium/qml/QtQuick/Controls/FluentWinUI3/light/images/textarea-background-focused.png
5bf485a8839564fd33b6b42c8819c0867d3750ed65e0a330928b82db9e36423f	1114	other	/home/rootitanium/qml/QtQuick/Controls/FluentWinUI3/light/images/textarea-background-focused@2x.png
7ffc92e9bec08ecf3c8f3980430855921b11474be1782f43bb99e908960d341b	1803	other	/home/rootitanium/qml/QtQuick/Controls/FluentWinUI3/light/images/textarea-background-focused@3x.png
2d54781387c4398487a62b8395d6dfbaf4b37df0b023d4346d1983b28175596d	528	other	/home/rootitanium/qml/QtQuick/Controls/FluentWinUI3/light/images/textarea-background-hovered.png
d4a8c508e022525049f8a331e1b3f99ffabe486798781c9c2a06f18fc16cb395	1231	other	/home/rootitanium/qml/QtQuick/Controls/FluentWinUI3/light/images/textarea-background-hovered@2x.png
31014ee2cc775bb62207d6057640cd89497435529c0b147736b8fa10059de132	1957	other	/home/rootitanium/qml/QtQuick/Controls/FluentWinUI3/light/images/textarea-background-hovered@3x.png
2d54781387c4398487a62b8395d6dfbaf4b37df0b023d4346d1983b28175596d	528	other	/home/rootitanium/qml/QtQuick/Controls/FluentWinUI3/light/images/textarea-background.png
d4a8c508e022525049f8a331e1b3f99ffabe486798781c9c2a06f18fc16cb395	1231	other	/home/rootitanium/qml/QtQuick/Controls/FluentWinUI3/light/images/textarea-background@2x.png
31014ee2cc775bb62207d6057640cd89497435529c0b147736b8fa10059de132	1957	other	/home/rootitanium/qml/QtQuick/Controls/FluentWinUI3/light/images/textarea-background@3x.png
f1d7da6b324c205607f12fa0b65b5333c3e3342712ec0470c37944067778db2f	428	other	/home/rootitanium/qml/QtQuick/Controls/FluentWinUI3/light/images/textfield-background-disabled.png
794ebdb74972801081753b48d2b38d026d38e974718a94e09f8d26d767336f65	984	other	/home/rootitanium/qml/QtQuick/Controls/FluentWinUI3/light/images/textfield-background-disabled@2x.png
95d8ffd7732a37f14668df693f43128df271e765f3104b02b21a81b9c2cfc6d0	1548	other	/home/rootitanium/qml/QtQuick/Controls/FluentWinUI3/light/images/textfield-background-disabled@3x.png
db566fb26f6d7aa714f01393a244eeefb5482a9a457e6422cabb60cc9305b5ff	398	other	/home/rootitanium/qml/QtQuick/Controls/FluentWinUI3/light/images/textfield-background-focused.png
8105ab63d026ca703b957756be0c7101be15f050005309e146bf40795807b1d5	895	other	/home/rootitanium/qml/QtQuick/Controls/FluentWinUI3/light/images/textfield-background-focused@2x.png
cb52c762ca44219af10d093d5e5ab839690a5268e3588c2bc4ea2c030df43922	1354	other	/home/rootitanium/qml/QtQuick/Controls/FluentWinUI3/light/images/textfield-background-focused@3x.png
2f1e8dcdd56d50284af0854bf9b0db7121d56f98180fe63a27d167e01e2b2ba9	431	other	/home/rootitanium/qml/QtQuick/Controls/FluentWinUI3/light/images/textfield-background-hovered.png
376e7887ce5d818a7673c0f70f3ec0feefe57f87b702c64ab38041ee11ab3a42	962	other	/home/rootitanium/qml/QtQuick/Controls/FluentWinUI3/light/images/textfield-background-hovered@2x.png
c31c4373939bf4a3675a5be8218f7c70fa18a25fc0c810cb806e445a1551887f	1529	other	/home/rootitanium/qml/QtQuick/Controls/FluentWinUI3/light/images/textfield-background-hovered@3x.png
28d2b4d2e34246d3ad02c05bed45f2eff9dfc33b4955811d50e11067de43d75b	430	other	/home/rootitanium/qml/QtQuick/Controls/FluentWinUI3/light/images/textfield-background.png
f860c1e659d2c600de49a50d406e9470d9433f2f51bfa3fe927466b7258c453f	966	other	/home/rootitanium/qml/QtQuick/Controls/FluentWinUI3/light/images/textfield-background@2x.png
eab157837d94ff5eb26e2c72006f524519f60446bd44abd5af59733f52b83ead	1529	other	/home/rootitanium/qml/QtQuick/Controls/FluentWinUI3/light/images/textfield-background@3x.png
a96c7bf5832767bdc9d91e2290a3920aec3abfbf2e3814bce38b49483f16f84a	215	other	/home/rootitanium/qml/QtQuick/Controls/FluentWinUI3/plugins.qmltypes
8fbb50ed6fdeb60e33440310cb209d5bd5f5bfdb8b15469e6d11d976f8b4d336	2660	other	/home/rootitanium/qml/QtQuick/Controls/FluentWinUI3/qmldir
252f003a71990445496d103db37f2139543263648f61e2eaf7d22d4550a22ac5	353	other	/home/rootitanium/qml/QtQuick/Controls/Fusion/ApplicationWindow.qml
8e8597ef9323625e2145e209d5df33e342bd807ed613f573f1a2b16a0502dbf2	1155	other	/home/rootitanium/qml/QtQuick/Controls/Fusion/BusyIndicator.qml
12168645ba4ea8d6e924de17e569549b18c65f535295ef429c35e00156515263	1239	other	/home/rootitanium/qml/QtQuick/Controls/Fusion/Button.qml
601f9a538f0bbd678a8a9c115d5746212489fd6691c2af903435039dbc682b97	1533	other	/home/rootitanium/qml/QtQuick/Controls/Fusion/CheckBox.qml
196860e291349d197deca41d7cc724eb5c03bac5e083a3b661a31b1d05e01c26	1943	other	/home/rootitanium/qml/QtQuick/Controls/Fusion/CheckDelegate.qml
c3bb9d6db89e0c5914c62cd8f4bfc513e05bcb4b3b4e38daa71b67ae7d71ddd1	4918	other	/home/rootitanium/qml/QtQuick/Controls/Fusion/ComboBox.qml
81c7e7a80d0dbd45a4b70370f30680ecddcf76b2bff45f676acbe574a50dea24	2791	other	/home/rootitanium/qml/QtQuick/Controls/Fusion/DelayButton.qml
3fd775bb1dd6f9e8c0ffe949092adc30598d8a1ad169e6f11c528a71a4be8a2e	1459	other	/home/rootitanium/qml/QtQuick/Controls/Fusion/Dial.qml
e3e24109c84eb398ba49b58db1355cb6da442e9991ad5a96f855d1256401d86e	1896	other	/home/rootitanium/qml/QtQuick/Controls/Fusion/Dialog.qml
0969c3403e4e9672643e5d7a3cc275ef4252e75b282ccbc9d9175f155a2e25aa	1183	other	/home/rootitanium/qml/QtQuick/Controls/Fusion/DialogButtonBox.qml
5dae3c777411471fea7b64a6d3a68a2680885d2204a997987a056e87b2a0c855	1938	other	/home/rootitanium/qml/QtQuick/Controls/Fusion/Drawer.qml
acf1d1979ebcdf1d771786de74f61c636a27c77ae628505df92bfd4541bb6a3e	770	other	/home/rootitanium/qml/QtQuick/Controls/Fusion/Frame.qml
a136a8d4024ab3a682dd26321e67e4296286e7166a222bff3fece0e95cd8dd44	1418	other	/home/rootitanium/qml/QtQuick/Controls/Fusion/GroupBox.qml
28cffaa0053f99eed5c358de39c5c73844cee37326e06e44c036a73a9714918f	1764	other	/home/rootitanium/qml/QtQuick/Controls/Fusion/HorizontalHeaderView.qml
009f11af11c2fcb41ce4ae0362c5db78115d2e5fc56956e9e88fd1a500271c8b	1534	other	/home/rootitanium/qml/QtQuick/Controls/Fusion/ItemDelegate.qml
a8329d4ceefd83c58b1a642e9fb713faed927dc2da18293463d3f3868480e136	390	other	/home/rootitanium/qml/QtQuick/Controls/Fusion/Label.qml
bb431e056c7a16a98fecc0189b90f61343e9b3109ee2fdc55b28b31b6b2950f1	1633	other	/home/rootitanium/qml/QtQuick/Controls/Fusion/Menu.qml
82fb18ababfa44052e4816454355e02424c4c2a7eacb0553054cf0c2c11734ef	1179	other	/home/rootitanium/qml/QtQuick/Controls/Fusion/MenuBar.qml
765c636b39ad65eae3e47064605414404a9442753666f1d18d67fb66074d22d5	1352	other	/home/rootitanium/qml/QtQuick/Controls/Fusion/MenuBarItem.qml
1a769475267d08cfc1afba61d2904d5994c09a97bb9b0c6c86f35e892eede302	2561	other	/home/rootitanium/qml/QtQuick/Controls/Fusion/MenuItem.qml
454198ed3925e7977fa746dc7641814c1646698f0492009c78e0c2a2350e3c49	820	other	/home/rootitanium/qml/QtQuick/Controls/Fusion/MenuSeparator.qml
c7590c392f4110298c145fe6e057e7ecacf6e13ad6d570c8c3edd16f8d66b54b	978	other	/home/rootitanium/qml/QtQuick/Controls/Fusion/Page.qml
c6029178d7bfd9537860e5d4786aa9dc22a905bb916f8646e375c3d7486ef6fa	1163	other	/home/rootitanium/qml/QtQuick/Controls/Fusion/PageIndicator.qml
7da6246ad2c1afcde91fd8a6c50f3875692257c60f701f823d62480d9f33aa2a	706	other	/home/rootitanium/qml/QtQuick/Controls/Fusion/Pane.qml
1c0c15f01426e72174f6bd3c3aca61e7158f986aff1561f25acf84aaa10c96dd	914	other	/home/rootitanium/qml/QtQuick/Controls/Fusion/Popup.qml
74d97d7891db521cb7b6ac1d64d4c9a9432d0062750980df0cbdb98c1d4b52c6	2680	other	/home/rootitanium/qml/QtQuick/Controls/Fusion/ProgressBar.qml
5d6d3deee5d588572d7a0424b55f386a7d602ea993f9b685a9c4c9f214a24633	1484	other	/home/rootitanium/qml/QtQuick/Controls/Fusion/RadioButton.qml
a2a8c59993c9e7e088f924d1f2954b99d7fe77c216a15232c80decd822ddd732	1943	other	/home/rootitanium/qml/QtQuick/Controls/Fusion/RadioDelegate.qml
ad338d419b7a0f0fa71f7b84057feba06fb0cbe9343a26ac25eb62e3d2d4ec50	2127	other	/home/rootitanium/qml/QtQuick/Controls/Fusion/RangeSlider.qml
146509ee5ea3d4afe06ef3cd4e67ca318810d4157fc7d04e51b835af9560efa4	2411	other	/home/rootitanium/qml/QtQuick/Controls/Fusion/RoundButton.qml
a9cfa41105882454da71480890622f0b842ebf579654744eda0082219c7165c4	1558	other	/home/rootitanium/qml/QtQuick/Controls/Fusion/ScrollBar.qml
e830d87a4e3e0c8cae31470505f4e0666b1a37d7b7a65a5ac8e2df7d2206e183	1327	other	/home/rootitanium/qml/QtQuick/Controls/Fusion/ScrollIndicator.qml
5744512d0163200f17ee614036412b66b355eeda442b4843f6ab1a31a8b1f07d	1024	other	/home/rootitanium/qml/QtQuick/Controls/Fusion/ScrollView.qml
12aee112250c8c9a5963f474b88ccb75f1aab19a712c63876c480397422b897b	936	other	/home/rootitanium/qml/QtQuick/Controls/Fusion/SelectionRectangle.qml
5158b27bff52b9640590d4229edc91d5cb8c9be425a92423706a0986c54a1d66	1317	other	/home/rootitanium/qml/QtQuick/Controls/Fusion/Slider.qml
5033e95702774781d7c633a911bc426aa5e6dee60e771bae1d9be73d58e574ab	4985	other	/home/rootitanium/qml/QtQuick/Controls/Fusion/SpinBox.qml
f04691e38eda107585fd091e6b2979c1b7d38a33322ea4c38f40aa64b6e8440b	954	other	/home/rootitanium/qml/QtQuick/Controls/Fusion/SplitView.qml
0a44de3bc0a9cb267ab939bca921781ec8a4e2e67fb049effdbf6cfd450fa107	1639	other	/home/rootitanium/qml/QtQuick/Controls/Fusion/SwipeDelegate.qml
489fc3d28ca1ff6658ff63f4cb200465d1db73619747f06475acbed93f5c4a92	1474	other	/home/rootitanium/qml/QtQuick/Controls/Fusion/Switch.qml
871dee1fbc97a41f2d77660e019aea4d08615caee7f99c7963e7052fecd65005	2022	other	/home/rootitanium/qml/QtQuick/Controls/Fusion/SwitchDelegate.qml
97112c201f20e53ba112fbdfaa94766b7102020310d6df6f27767c39914ce2a8	1395	other	/home/rootitanium/qml/QtQuick/Controls/Fusion/TabBar.qml
20b880a7d3bbbb5f2c44fce3f95f650631b3ed3c03dc6dae5e0bd91bdd45341c	2120	other	/home/rootitanium/qml/QtQuick/Controls/Fusion/TabButton.qml
2c63fe6542eaa10ab2045d75f5e02dbb6912d85070b1986d5b45217bbfd7c090	1663	other	/home/rootitanium/qml/QtQuick/Controls/Fusion/TextArea.qml
65389922f5d37ef0b4c1bc7393109baf12d9f6b750dcecae21266ea2628790e4	2365	other	/home/rootitanium/qml/QtQuick/Controls/Fusion/TextField.qml
56be7f05abb6370abb0eedfe7127b24971de843f7315027b34dfe42ac524638c	1523	other	/home/rootitanium/qml/QtQuick/Controls/Fusion/ToolBar.qml
fce083edd0958f07cc4cc5e3753bed405d6d423cbb1e0a5a38a6fb9e9d4c3a48	1226	other	/home/rootitanium/qml/QtQuick/Controls/Fusion/ToolButton.qml
a7b3f73a35b164393a8d46829cec56fe87d40e0c87c488c06857ff279af34822	1060	other	/home/rootitanium/qml/QtQuick/Controls/Fusion/ToolSeparator.qml
0ae98471af4a9d2d30b4be4375215780f75b4e6032b7bb215d3b31fc81b07c14	1337	other	/home/rootitanium/qml/QtQuick/Controls/Fusion/ToolTip.qml
0663504b15f642ce8ba26c052cc25b7d136576e078e29de1cd6f736a740894da	3859	other	/home/rootitanium/qml/QtQuick/Controls/Fusion/TreeViewDelegate.qml
f5df286159fdfc39c83e69e47c2b3db48995ae05b0ebdf00cef524a639e45a1f	1607	other	/home/rootitanium/qml/QtQuick/Controls/Fusion/Tumbler.qml
eb8b854ace749712a8f496aff115532a675e89eb831d8c2fcbeef739f921d12a	1724	other	/home/rootitanium/qml/QtQuick/Controls/Fusion/VerticalHeaderView.qml
983b94698fa7063f1444433deefe4412c73a43420fea396ff04138046dbc22b3	1482	other	/home/rootitanium/qml/QtQuick/Controls/Fusion/impl/ButtonPanel.qml
e230d5b880abf845d6e59929fe8a5dd92030a9593616644c63883cecca5d65cb	2052	other	/home/rootitanium/qml/QtQuick/Controls/Fusion/impl/CheckIndicator.qml
ddda0c54b2faaea38a9da1d692583bab336d899df936f026289aca02338c2e39	1485	other	/home/rootitanium/qml/QtQuick/Controls/Fusion/impl/RadioIndicator.qml
a35676403d1c5b202c1e969cf3e0b149b633a5ca5f35b104cb9bc0cb0302755a	2036	other	/home/rootitanium/qml/QtQuick/Controls/Fusion/impl/SliderGroove.qml
de88a9f38077ca317c58bbaffb0f46c0d6c3724d7f69e08e7c32f949dd7a20db	1522	other	/home/rootitanium/qml/QtQuick/Controls/Fusion/impl/SliderHandle.qml
6053bb2ebb106b6fe27e328d1ad3c53636da501640444062559261131338c0e2	3677	other	/home/rootitanium/qml/QtQuick/Controls/Fusion/impl/SwitchIndicator.qml
b8c674697dbfcfef3d7e27d8c70e93a6ed5d5d5d744c3438a36be806cf2d9a42	10012	elf	/home/rootitanium/qml/QtQuick/Controls/Fusion/impl/libqtquickcontrols2fusionstyleimplplugin.so
702200247ed4558e3cdec87d4048cbd235a68d1781cb6b6c9f7fde73d1422650	2737	other	/home/rootitanium/qml/QtQuick/Controls/Fusion/impl/plugins.qmltypes
3e4a381eb01b8ff1a14bd10fa2f02cbfc52156c3a84cc1ab3b56a61dbfef5b59	734	other	/home/rootitanium/qml/QtQuick/Controls/Fusion/impl/qmldir
0e3dd6f6cd6cfa9dec16964c642088b4951ad870e482af59bdd7475f2e605e6c	10008	elf	/home/rootitanium/qml/QtQuick/Controls/Fusion/libqtquickcontrols2fusionstyleplugin.so
9ebb8f225137d39afd9f8098469e859d9e4d00f1360402a60c022076b1cca4ec	5142	other	/home/rootitanium/qml/QtQuick/Controls/Fusion/plugins.qmltypes
a198198bd2e56125bc3da36912d18f488be700ce4d6bba17a0a94338c4b162d5	3329	other	/home/rootitanium/qml/QtQuick/Controls/Fusion/qmldir
9854c2a9dcf12601d8931a3f61f5efe401a12959a396c987097473c6097a6b2e	322	other	/home/rootitanium/qml/QtQuick/Controls/Material/ApplicationWindow.qml
be409540e710b611daecc855938a3ecf07989048be31df71168b2710b57b711e	967	other	/home/rootitanium/qml/QtQuick/Controls/Material/BusyIndicator.qml
79c2e25910be807fc0c5e42b6dbc8bdca11b6209d7ef85f8058702799e237fb1	3365	other	/home/rootitanium/qml/QtQuick/Controls/Material/Button.qml
51d67f569de20cd6e90f04b7337513052ed1e5a9ca256f3c76ec405b1fd76e0d	1969	other	/home/rootitanium/qml/QtQuick/Controls/Material/CheckBox.qml
994a4581969b9932a4e21bc5bfa501e10ee1f766f111f7f5219c60665c02cf03	2334	other	/home/rootitanium/qml/QtQuick/Controls/Material/CheckDelegate.qml
0c0e5a62c9f6cb3451c3e2d0f0de96bd686470796dc2d6ea4a5bdb12f82b37b7	4897	other	/home/rootitanium/qml/QtQuick/Controls/Material/ComboBox.qml
fd46b2e73feaeecbc9eb11825744677e633168a57a51199f72c3375375b9180b	2822	other	/home/rootitanium/qml/QtQuick/Controls/Material/DelayButton.qml
c2622cd6d10c31762c6cb60c44ae0954a1d17a081751b728a3e6e328d9af7249	1834	other	/home/rootitanium/qml/QtQuick/Controls/Material/Dial.qml
3bc0b7a5c182d00ab743c2c8484ecbdef7eff33b13a55105d1b88d5d43690962	3419	other	/home/rootitanium/qml/QtQuick/Controls/Material/Dialog.qml
de0ba2132936d7d07f8720c249462318f8f59ef97c48122bd8cb1711605f91e7	1608	other	/home/rootitanium/qml/QtQuick/Controls/Material/DialogButtonBox.qml
a1ab509a924b0890d869ae5d73d035b9c6af4627c2d42b18932c7e19f6740cf1	2230	other	/home/rootitanium/qml/QtQuick/Controls/Material/Drawer.qml
aea6cc8ea8123d162c9f525625c9249325d6e8d87f54f8d30a74d2de2ef49477	1175	other	/home/rootitanium/qml/QtQuick/Controls/Material/Frame.qml
709a6d502b0530a28064347c112c0c18f30ce17210d20ba9adf02e31909d19b7	1896	other	/home/rootitanium/qml/QtQuick/Controls/Material/GroupBox.qml
52ea32297b574cc6ee1b00e0685eee131e3f845c6696b0526b89f5fae6eef5f2	1593	other	/home/rootitanium/qml/QtQuick/Controls/Material/HorizontalHeaderView.qml
fb3e95a866a1830c17ea70ba549d7099feddec39525849bed835e9db00a9b08b	1848	other	/home/rootitanium/qml/QtQuick/Controls/Material/ItemDelegate.qml
8327586c8089f71e0ac787bb0f306421b456c677cb0c9eeb66a52a886d966d27	355	other	/home/rootitanium/qml/QtQuick/Controls/Material/Label.qml
086a616cdd4abb324397223444748fdf26be306de7b3b52e9e0e42b133c265cb	2584	other	/home/rootitanium/qml/QtQuick/Controls/Material/Menu.qml
4eb57422819cdf1fdc2ee53ed1afda32ee4eed6c98c3f43e5de7374f8987007c	893	other	/home/rootitanium/qml/QtQuick/Controls/Material/MenuBar.qml
caf6cb4bc005a847e5dc27b51f3a2c1cb638c8eb5a5c263704e35f1f0d3f53c6	1707	other	/home/rootitanium/qml/QtQuick/Controls/Material/MenuBarItem.qml
1967bfa09cf316056d87ddbf3e3aaf99fb226c405501199b3d3148b253add09c	3028	other	/home/rootitanium/qml/QtQuick/Controls/Material/MenuItem.qml
d83c8364aaced4c70dec9a0baa8cabefef07eefe5e30e9dc46237df9e7c7b0da	737	other	/home/rootitanium/qml/QtQuick/Controls/Material/MenuSeparator.qml
8aecd94f738637105292a74df370146258c470a9b3dd1ac63e42ff29377fa9ed	1137	other	/home/rootitanium/qml/QtQuick/Controls/Material/Page.qml
d31aa5ca74f3db70c03555bed9edcacd1fd9e79b0389a2960087a2dd35279525	1369	other	/home/rootitanium/qml/QtQuick/Controls/Material/PageIndicator.qml
f8b9215ac8595571d306eb1b78649e36249d792fcf0bd6a484be82b5abebcd02	1078	other	/home/rootitanium/qml/QtQuick/Controls/Material/Pane.qml
8ad7b0c38530a8b053663dc597553b349b8a0fe79d0fdea827ef6f99b38841e5	1960	other	/home/rootitanium/qml/QtQuick/Controls/Material/Popup.qml
395ec5c8c2723f6ecf681a8552aa90f814d2ed22eb02a7e0a0a9ebf0d302b3b9	1141	other	/home/rootitanium/qml/QtQuick/Controls/Material/ProgressBar.qml
46763e6db3824fa2fc7720d4ab792f2df9f470512e294ef831790e949883e0ae	1959	other	/home/rootitanium/qml/QtQuick/Controls/Material/RadioButton.qml
8c06ef90f598608bbda17f894f01c1d9ba72844f9a7414bc3266e5205997d717	2321	other	/home/rootitanium/qml/QtQuick/Controls/Material/RadioDelegate.qml
c2b0cdd5931f13c7225f507f25d6ca7350185ed9ca3c26b9c083b5f9e89c1119	5807	other	/home/rootitanium/qml/QtQuick/Controls/Material/RangeSlider.qml
71a7e174a03f45671256b7dbe84226dca4764b026199aa2c33b7dbbf92977359	2877	other	/home/rootitanium/qml/QtQuick/Controls/Material/RoundButton.qml
5fa77b490cdaa4d930af7c7ad0edd64f60a8153f0f013cc791cbe6b19b6e9267	2076	other	/home/rootitanium/qml/QtQuick/Controls/Material/ScrollBar.qml
c66af7f116fc3716698dd7fa8894c0493d32d72232ea61598214707efa71c41b	1276	other	/home/rootitanium/qml/QtQuick/Controls/Material/ScrollIndicator.qml
5744512d0163200f17ee614036412b66b355eeda442b4843f6ab1a31a8b1f07d	1024	other	/home/rootitanium/qml/QtQuick/Controls/Material/ScrollView.qml
5f0db579bb6105a6ea6c9d93d5df9a62f2e36f661a5f0a37e5ce3299b19e4b54	848	other	/home/rootitanium/qml/QtQuick/Controls/Material/SelectionRectangle.qml
9dcc445f2d59820bb736816dbd4c1c48694e09bb9bed980d3869bea6c0c671fc	4834	other	/home/rootitanium/qml/QtQuick/Controls/Material/Slider.qml
f7c8d659575897fa747d02a03536e135089960a4496b0386580138575224de2e	4546	other	/home/rootitanium/qml/QtQuick/Controls/Material/SpinBox.qml
23e4643da77856c2143192c88fc2eb2296d9b634176c5df38b255209915edddd	1600	other	/home/rootitanium/qml/QtQuick/Controls/Material/SplitView.qml
58736ae551c0f473379d84da5a8f62deb29b5d811555bbfd87f2df62b9945f0d	1678	other	/home/rootitanium/qml/QtQuick/Controls/Material/StackView.qml
b40cb458f814d1d24cabc698a9734ba6e634e843a97a058fba8a4388f234fd3b	2155	other	/home/rootitanium/qml/QtQuick/Controls/Material/SwipeDelegate.qml
7fe4180886b9c620e799789950110fb8c448c0e95c0b9d033cdcdde55623016c	1157	other	/home/rootitanium/qml/QtQuick/Controls/Material/SwipeView.qml
235acc1c01097930bec92260e3d8bc7cecc84c6fa0013faea05a42dbc0d5beec	2367	other	/home/rootitanium/qml/QtQuick/Controls/Material/Switch.qml
8cb10e96223f3ddcd73c6751c61a2f23fc618f34b336538cb8b5757d2db9e15b	2373	other	/home/rootitanium/qml/QtQuick/Controls/Material/SwitchDelegate.qml
81c20ed0a2d18a2f64bd8a69bb649f7df8f5dc44d7dbc193faa13d6fc6d20e41	1736	other	/home/rootitanium/qml/QtQuick/Controls/Material/TabBar.qml
0ecd0b83b3ff5af5317e48d8611f94f80768cbf96d7910d7fa4aad6dc32790c5	1496	other	/home/rootitanium/qml/QtQuick/Controls/Material/TabButton.qml
0b3276e74b2d5cc84a781f5daf05f82defc6ef27454a07063b0b38b5f9de2aa4	4197	other	/home/rootitanium/qml/QtQuick/Controls/Material/TextArea.qml
c35d8a3271ecee48d9201a7bcf99a6fd75b801cb20823ad3eabb61b7b63ae36a	3665	other	/home/rootitanium/qml/QtQuick/Controls/Material/TextField.qml
cbd963bf6edb5c8c35736fcc258ed25b1800097ea58285c21c2af8620b9210da	978	other	/home/rootitanium/qml/QtQuick/Controls/Material/ToolBar.qml
5b55bbbc12491dc07e7fb104cb85a13aed58e9f30973f9ebc2d80d3959f4ef84	1869	other	/home/rootitanium/qml/QtQuick/Controls/Material/ToolButton.qml
def7296678a7d926a3992f117eac7af4ba3b9a6ba108fe160fec87515e32229b	841	other	/home/rootitanium/qml/QtQuick/Controls/Material/ToolSeparator.qml
1654e60b328c0396552ee2ff5350e1f291888f2ab62239b12a37cfac26f7cb2d	1516	other	/home/rootitanium/qml/QtQuick/Controls/Material/ToolTip.qml
7c85268af85a479dfbfac107105e9fc0794095972132aa55f56145ff8a28888f	4458	other	/home/rootitanium/qml/QtQuick/Controls/Material/TreeViewDelegate.qml
f14bfb734dbbf24cc90f5a1f31e463588eb49e72906606e92f8a4eb29ce5de50	1574	other	/home/rootitanium/qml/QtQuick/Controls/Material/Tumbler.qml
3164fd0040b90abc898f026eec6e1c499e80ae4c172a3dd99f86b2030141e7bf	1584	other	/home/rootitanium/qml/QtQuick/Controls/Material/VerticalHeaderView.qml
8e261daa4e56ffbc3728246112793f25475429b2bb9610540417355e84ebe252	1674	other	/home/rootitanium/qml/QtQuick/Controls/Material/impl/BoxShadow.qml
dddd1b2bed0f85e2d8689cc1bade946e70904c9bdb02850666a2c7c71b9b71be	2425	other	/home/rootitanium/qml/QtQuick/Controls/Material/impl/CheckIndicator.qml
647579603420900d97332433113900995dab33c7f155470962dab6891c55238c	958	other	/home/rootitanium/qml/QtQuick/Controls/Material/impl/CursorDelegate.qml
05871ec442068a4bd087ce8329aa088ea9355649351c659e96d6c53321c5d53a	8387	other	/home/rootitanium/qml/QtQuick/Controls/Material/impl/ElevationEffect.qml
2b3c9bf73764a2a385c671182020cab6cdeb6ecd5c0f0ea73bd9bfc196c5565d	1470	other	/home/rootitanium/qml/QtQuick/Controls/Material/impl/RadioIndicator.qml
c7203d9d18f5ee1418e4a49ede42f0aec125c53116838cc7418157bf4e398a0a	6474	other	/home/rootitanium/qml/QtQuick/Controls/Material/impl/RectangularGlow.qml
0dfdba3a27984357c1dd061ea8fe11e07a4f660629a01c591cf2918d9485da99	1728	other	/home/rootitanium/qml/QtQuick/Controls/Material/impl/RoundedElevationEffect.qml
37d92806c50bfbbbaac794c3d60046b4ac48a7266bc56c0e61072c4a18da79d9	1196	other	/home/rootitanium/qml/QtQuick/Controls/Material/impl/SliderHandle.qml
89fc6b27d6ad2bcafd30f7e04886bc8b3bf511e2f99fdf1ab7b09a8060ba538a	4122	other	/home/rootitanium/qml/QtQuick/Controls/Material/impl/SwitchIndicator.qml
050e8fa44e01c7bd6e8d30d1f838dc8ad9d2bd5fd2e2da7141c758ac6da012f9	10012	elf	/home/rootitanium/qml/QtQuick/Controls/Material/impl/libqtquickcontrols2materialstyleimplplugin.so
788c6032db416b280bd732812960e8ab261986f3b7fcd3b8d01c76694b9be514	11196	other	/home/rootitanium/qml/QtQuick/Controls/Material/impl/plugins.qmltypes
de97407cd3f559e607c26ddb5573740ded62e48e42a55a42f50649d5f71abdf8	1063	other	/home/rootitanium/qml/QtQuick/Controls/Material/impl/qmldir
671a4a0883a087952ff88d818fd973deaf839dc1372c74afcd8d9ccdd6b2f45a	10008	elf	/home/rootitanium/qml/QtQuick/Controls/Material/libqtquickcontrols2materialstyleplugin.so
4284633f9db755cff2cc800307f61334d629ea9f7d5e005d0c4df50b464eb68a	21698	other	/home/rootitanium/qml/QtQuick/Controls/Material/plugins.qmltypes
0a1fdec78d593c9222ff45773046a0845a48e25dd003f06e4745be0a7e43fb8c	3451	other	/home/rootitanium/qml/QtQuick/Controls/Material/qmldir
434c1436e8bacbfc0bd1a0d23fe0e77255656d8edaa83753cef10636e5f4a9e6	594	other	/home/rootitanium/qml/QtQuick/Controls/Universal/ApplicationWindow.qml
c7d3c791f386ed5362248f98a9720a65228903cfcbfccec2473b82fccbc79ef2	942	other	/home/rootitanium/qml/QtQuick/Controls/Universal/BusyIndicator.qml
c1c51d992c442823b96901deea104f712c72aaed37a8dc3b66cd0816d060b15c	1891	other	/home/rootitanium/qml/QtQuick/Controls/Universal/Button.qml
1f8e563a0ee31e1aaa4a5196359b2ccfba0f86c7f38a641c6bfdc31cd4f51463	1545	other	/home/rootitanium/qml/QtQuick/Controls/Universal/CheckBox.qml
c5d6893db1af7b688ea6fec5603e92cd81b596d155cb0721ff9d0ab7d6f675f3	2459	other	/home/rootitanium/qml/QtQuick/Controls/Universal/CheckDelegate.qml
63c06ce350c524b98c00ebbed06c20183a882ff90d2b6c3207c7047b52db02ad	5333	other	/home/rootitanium/qml/QtQuick/Controls/Universal/ComboBox.qml
d11d1a2fd0536f3cf0816341a46c179425ba879bd4cd97820d0898969cacf9ee	1907	other	/home/rootitanium/qml/QtQuick/Controls/Universal/DelayButton.qml
d1891c176184c776af7ec8ca5c9f06605b701066078b205ceeded3b5b18163c1	1943	other	/home/rootitanium/qml/QtQuick/Controls/Universal/Dial.qml
149a7444715dec7580ddd8001802571fe65ec2d44c225370bac8aa4325015083	1855	other	/home/rootitanium/qml/QtQuick/Controls/Universal/Dialog.qml
84c9ad87fee0243a66fa9294b40166f1cd0b10122e4834e9c5388364d7cee0f2	1480	other	/home/rootitanium/qml/QtQuick/Controls/Universal/DialogButtonBox.qml
7c3e519a8ff6321c630c9c2f14bd9122dbe4a37581299914d2ef0cd8e55448fd	1587	other	/home/rootitanium/qml/QtQuick/Controls/Universal/Drawer.qml
c6f23c5ea1cb80b3ff7cd5f08700872558213f960611740a738824cf8c12c522	700	other	/home/rootitanium/qml/QtQuick/Controls/Universal/Frame.qml
0b6ca748bb35817ed7ead7923e0b9375f71602206f5b3ad0f91b7fa448eaf690	1349	other	/home/rootitanium/qml/QtQuick/Controls/Universal/GroupBox.qml
15d0d4ba073af5078d7e2fb0ae79e48bffd2167d622f159828c4442b63a5889a	1618	other	/home/rootitanium/qml/QtQuick/Controls/Universal/HorizontalHeaderView.qml
b8bfec80e78cc170a196ec4ffeb0902593e047676697699fbae8b9c166410f91	1934	other	/home/rootitanium/qml/QtQuick/Controls/Universal/ItemDelegate.qml
72ea0ec5d3944615dff1814a24e12ed138cd3cc9d5c2ee227002fb72e88f5d7c	359	other	/home/rootitanium/qml/QtQuick/Controls/Universal/Label.qml
997672fbaac245e83bb8942ea0007555d079ea1e7634308b82a1ad3f627f0449	1452	other	/home/rootitanium/qml/QtQuick/Controls/Universal/Menu.qml
faa746fafa2ba79b3a9c694024822ed9d31fda0a55eb39f00a3e44ce4053ae75	863	other	/home/rootitanium/qml/QtQuick/Controls/Universal/MenuBar.qml
f892ee268ea5e0f0ae3990576bcacc5dcef1331010a1477e3ceadb6ba96b7d2f	1847	other	/home/rootitanium/qml/QtQuick/Controls/Universal/MenuBarItem.qml
34f9886cbd02998a4c5cd0554a10da7ea18c76e1f6f5f7cd62ba3509af7a898e	3313	other	/home/rootitanium/qml/QtQuick/Controls/Universal/MenuItem.qml
273a37cf26ac061de2cb47b31ad32af3c0f16debe5299964c66d8355bb9b38c7	864	other	/home/rootitanium/qml/QtQuick/Controls/Universal/MenuSeparator.qml
b9b0ef7f2fd8fa930eef2ebd2848f2d30e45272200fb47c2a635cade53f990e6	922	other	/home/rootitanium/qml/QtQuick/Controls/Universal/Page.qml
553ba411460c669aaf514452ae139afbde6debd7967d122b68072c355338501a	1130	other	/home/rootitanium/qml/QtQuick/Controls/Universal/PageIndicator.qml
a3a0779c9bd18517c558260ab5479fca3fc2529754f845808f6dad63ac2b0f7f	651	other	/home/rootitanium/qml/QtQuick/Controls/Universal/Pane.qml
700885d035463f0b9f1a47884e63ec0436e7d8407af7b1a691b15aae355c66f5	947	other	/home/rootitanium/qml/QtQuick/Controls/Universal/Popup.qml
1745120ba9d39441d1d94d1dfc377105d17ba55eaa7bad1c74f86a7bc34a3621	1103	other	/home/rootitanium/qml/QtQuick/Controls/Universal/ProgressBar.qml
2d05f8458ca0825f59f4b47d79b4aba6ae53195ca4d726ee5525dc4c3d89af93	1548	other	/home/rootitanium/qml/QtQuick/Controls/Universal/RadioButton.qml
28f3477c367b54f32fc3bb8844faca56f97b6eaf6618d77463cc8d913bf8e3d7	2459	other	/home/rootitanium/qml/QtQuick/Controls/Universal/RadioDelegate.qml
8619975d27f0544af589d156a9b7de34da4b2e1dc37a4a1a62f027e04ca43ec1	4030	other	/home/rootitanium/qml/QtQuick/Controls/Universal/RangeSlider.qml
0f9b601705b40058cd8b19d7ed88929987c560f52fa9fc7f211357fc2ed05f5b	1929	other	/home/rootitanium/qml/QtQuick/Controls/Universal/RoundButton.qml
87db396e27c50e22ae561480f216c6ccfe33648d2c981d3ce073de9c197ad1b6	2125	other	/home/rootitanium/qml/QtQuick/Controls/Universal/ScrollBar.qml
8327347a446bb1bccca534ace68781453319f14d5d5983ee545aff69971283f6	1385	other	/home/rootitanium/qml/QtQuick/Controls/Universal/ScrollIndicator.qml
5744512d0163200f17ee614036412b66b355eeda442b4843f6ab1a31a8b1f07d	1024	other	/home/rootitanium/qml/QtQuick/Controls/Universal/ScrollView.qml
45e81eed45093c4ba69dc7f7c27d3bce05df8e40ea7fe7ae6a3bb2110dad78fa	983	other	/home/rootitanium/qml/QtQuick/Controls/Universal/SelectionRectangle.qml
ab5e1eb18a3799bce5ed38d2ddef422ba39ae2c389a5435379855f8d9eaf2462	2966	other	/home/rootitanium/qml/QtQuick/Controls/Universal/Slider.qml
462dddf3d48215c2ed85bdeb5ba266af4910b5e2e3f2b6697e170e5471140ba6	4871	other	/home/rootitanium/qml/QtQuick/Controls/Universal/SpinBox.qml
34cddd23c94fd3d4afea23de38bb8ee4596526a2a53b177db327ea70547b632c	996	other	/home/rootitanium/qml/QtQuick/Controls/Universal/SplitView.qml
43fb8e86875f8d15e2babada533a11973842ac6201c902a69750da3a8f1885b6	1705	other	/home/rootitanium/qml/QtQuick/Controls/Universal/StackView.qml
484d781374d7439cb7f5001afa5a4de3f464e781e9f61ca8677615bdfce6d830	2118	other	/home/rootitanium/qml/QtQuick/Controls/Universal/SwipeDelegate.qml
ef01a81ddec31e255e99c083c7936bae881ac4c1d7e851c41c82bc8138fcc4cc	1544	other	/home/rootitanium/qml/QtQuick/Controls/Universal/Switch.qml
c1adb7c235aacf2c5d95665ef7e5fa6506cfe56364f54c3eb6b0cac71a22849a	2461	other	/home/rootitanium/qml/QtQuick/Controls/Universal/SwitchDelegate.qml
eb301a1fcd62ace399b67a081bf7102428fd80eb7f6351e9748e99cfc27ee964	1182	other	/home/rootitanium/qml/QtQuick/Controls/Universal/TabBar.qml
42d27355f692c13a40405702cc7647bdc8a78ddb068f5ff45914c14ce33965b4	1395	other	/home/rootitanium/qml/QtQuick/Controls/Universal/TabButton.qml
3819788d39b995267032db84a6db5bc462703f7f29b6122faf59ffb081fca088	2601	other	/home/rootitanium/qml/QtQuick/Controls/Universal/TextArea.qml
c6eb4822baa7ab20e28a381b6c8e1e08fe77298b09857ce1a23e8db973df43ee	2584	other	/home/rootitanium/qml/QtQuick/Controls/Universal/TextField.qml
5d124f522e77b8ac781c1b134e7f2303455b4da6f86e56aa9a40daddeb3d02b8	699	other	/home/rootitanium/qml/QtQuick/Controls/Universal/ToolBar.qml
33231e0fa3578319651b3f650e1aa0aff9c488e0394e60061f71e92f4fc652dd	1603	other	/home/rootitanium/qml/QtQuick/Controls/Universal/ToolButton.qml
e4abf27d26dab355b1c3a17fcb707648b90b5ad7cbdb1b3a83923e987d83c4f5	914	other	/home/rootitanium/qml/QtQuick/Controls/Universal/ToolSeparator.qml
d724b6fe6c47c06438c1c405f874eca652761decd1b861c86350f68dde1a6a1c	1240	other	/home/rootitanium/qml/QtQuick/Controls/Universal/ToolTip.qml
c613317c3ef9e027721c3d035b8d1dcbbca2ed63526f40b79936e8f310f8a590	1666	other	/home/rootitanium/qml/QtQuick/Controls/Universal/Tumbler.qml
07e8e5c8335bfd51be32690d0162933e031cee077768294b6e62304e16d459ce	1609	other	/home/rootitanium/qml/QtQuick/Controls/Universal/VerticalHeaderView.qml
d46a6fc38bb834620a366bc86f26ffc8a22ae3235044894222485650de0490f6	2250	other	/home/rootitanium/qml/QtQuick/Controls/Universal/impl/CheckIndicator.qml
5da6a498db70ee6b3f49850b42de952a69dd80f9ebefeea99d159ea87a69e305	1780	other	/home/rootitanium/qml/QtQuick/Controls/Universal/impl/RadioIndicator.qml
de0223b09ee32d85445e3cf3c116f9d03e85e91b8fce67c301ac669a9f7e25bb	2084	other	/home/rootitanium/qml/QtQuick/Controls/Universal/impl/SwitchIndicator.qml
8c214f54c460c06451e23d3b3d8e2873e7342157e4497d52337df27a7585ed64	10016	elf	/home/rootitanium/qml/QtQuick/Controls/Universal/impl/libqtquickcontrols2universalstyleimplplugin.so
702cf3556be5ed833a81daff4d59064c617dca527e40552bdea59eed72cdf340	3600	other	/home/rootitanium/qml/QtQuick/Controls/Universal/impl/plugins.qmltypes
e37f9c19b700ce1b78b41ebd8d35f95f87624cef9b926560cbb8eafb24e74ff8	549	other	/home/rootitanium/qml/QtQuick/Controls/Universal/impl/qmldir
532cef2c66026c1c4ef010fbb3201cef90e81d67c39dc461a74b4123e803e420	10012	elf	/home/rootitanium/qml/QtQuick/Controls/Universal/libqtquickcontrols2universalstyleplugin.so
1a62f7e28aa72222715d3a62c41938945e3148fbda2b1a869512bc3a97dac9fd	8862	other	/home/rootitanium/qml/QtQuick/Controls/Universal/plugins.qmltypes
85ee8212063b212f882c0c5a7e21194342c00181c73b5a6965891c213c8a717f	3316	other	/home/rootitanium/qml/QtQuick/Controls/Universal/qmldir
c9edf38dc9d94dc094d3b2668ca7031281e26b2912fdd994679c9b63c44854c1	2758	other	/home/rootitanium/qml/QtQuick/Controls/designer/AbstractButtonSection.qml
10b9e132618e2ff956e1abb2399aae261daea163679934df31b84c63c65956de	947	other	/home/rootitanium/qml/QtQuick/Controls/designer/BusyIndicatorSpecifics.qml
22a2349855e4c27a566f2447d73e3916f6648ebfce6a69e0f5f724c3c3585a0b	1208	other	/home/rootitanium/qml/QtQuick/Controls/designer/ButtonSection.qml
f6a488786bf4367926e556e1650eb189eef00e7123f0d67b97f678f546e1f4bd	523	other	/home/rootitanium/qml/QtQuick/Controls/designer/ButtonSpecifics.qml
c27ac4aabb5c6a50d9a4d96ef7cb19b6e1dd15fbff0425aed6dd3fa9544f464b	556	other	/home/rootitanium/qml/QtQuick/Controls/designer/CheckBoxSpecifics.qml
e7ceaa9380bbc13f5cf898b5cc04c3241fa0e1e645eb4d33650cf71330a415f8	622	other	/home/rootitanium/qml/QtQuick/Controls/designer/CheckDelegateSpecifics.qml
73c1fa58c5b9b9abf999c75d7557d90413c0bb21cda4ce4e0c8ba34264179637	987	other	/home/rootitanium/qml/QtQuick/Controls/designer/CheckSection.qml
7c31482e9d52d09375e1a51912516d1c5fac4537ae06c55bcd49ceb1f0074333	2365	other	/home/rootitanium/qml/QtQuick/Controls/designer/ComboBoxSpecifics.qml
a8977c5101b1b53a037d92ff7b1ee5faf6d3d7b8eb4a85dfb45d1ac69f3d57e9	671	other	/home/rootitanium/qml/QtQuick/Controls/designer/ContainerSection.qml
fcd66bebee4078a9d45981db994d1b2e8c354a7e7603c31abf2cc3f37c43f89a	2517	other	/home/rootitanium/qml/QtQuick/Controls/designer/ControlSection.qml
f4ec3d66453519b038b5631c0ab08b90dbf101de34c9336bb98b2daf5a2ee479	405	other	/home/rootitanium/qml/QtQuick/Controls/designer/ControlSpecifics.qml
7d306017b44353d6287a9c5226e56b2d49a14aabb568c9c30df0e7ee45cfc555	1049	other	/home/rootitanium/qml/QtQuick/Controls/designer/DelayButtonSpecifics.qml
e667e2417add6b8a7ef1daa6468e56757e8bb53207f2c7fad3c78a646c1766d2	4171	other	/home/rootitanium/qml/QtQuick/Controls/designer/DialSpecifics.qml
cf82043478d7a93675c06b9f022a0edac683daa655c7d9ad9b221671aa70dbe5	458	other	/home/rootitanium/qml/QtQuick/Controls/designer/FrameSpecifics.qml
086fbe6453c4039306d6837bf207ae3a045183ea8c550afd10d6a7e1d19507ae	896	other	/home/rootitanium/qml/QtQuick/Controls/designer/GroupBoxSpecifics.qml
5bb0d18a5da1e4f8cd898ff825805ef7706ffaae458b76751a26779a1302d235	2350	other	/home/rootitanium/qml/QtQuick/Controls/designer/InsetSection.qml
85d8985e5cc7da9f4cf425f24bf171b0d70bd8ce3eee0e009adf58ba66a55544	657	other	/home/rootitanium/qml/QtQuick/Controls/designer/ItemDelegateSection.qml
bc529996a7f9b66500ee949f6cdd8af65dea4fe92cc1d9d7bf9fdd65301250b2	529	other	/home/rootitanium/qml/QtQuick/Controls/designer/ItemDelegateSpecifics.qml
77cb080a7dddb4efaf06e57b112026d235ba61667b8a2e7bfabe450e6826e6a7	1131	other	/home/rootitanium/qml/QtQuick/Controls/designer/LabelSpecifics.qml
cd181569256a4d909e83562a0493ae39634bdcfb781dcfa4501937fbe51f11fe	1974	other	/home/rootitanium/qml/QtQuick/Controls/designer/PaddingSection.qml
2c94e215ee79da75d2f53eebee4fd7623e964dbe810b9323d0f8bce799c22e10	1760	other	/home/rootitanium/qml/QtQuick/Controls/designer/PageIndicatorSpecifics.qml
3a2d776b619510ea2f49ff9c2471bbbee2bcaf1f33a4872b9651ae7d00290082	1805	other	/home/rootitanium/qml/QtQuick/Controls/designer/PageSpecifics.qml
278acf41ddd2d7fbbf3f8be4229c556e26d74f80618aca03713ab3ed1a7af00f	1140	other	/home/rootitanium/qml/QtQuick/Controls/designer/PaneSection.qml
cf82043478d7a93675c06b9f022a0edac683daa655c7d9ad9b221671aa70dbe5	458	other	/home/rootitanium/qml/QtQuick/Controls/designer/PaneSpecifics.qml
3757b83f45040888ac34b15059a23766eafee769626f2bf98bb2d7a571fc315e	2596	other	/home/rootitanium/qml/QtQuick/Controls/designer/ProgressBarSpecifics.qml
1c751e2dc4863d2129582d0a9569c7ce20157e38d0dd63237ab27d6172d71a63	468	other	/home/rootitanium/qml/QtQuick/Controls/designer/RadioButtonSpecifics.qml
bc529996a7f9b66500ee949f6cdd8af65dea4fe92cc1d9d7bf9fdd65301250b2	529	other	/home/rootitanium/qml/QtQuick/Controls/designer/RadioDelegateSpecifics.qml
7c9fd80ccd3b876632f380c64ad8d68f9508cd2786031b07faaae4a7c0fcfc3f	4971	other	/home/rootitanium/qml/QtQuick/Controls/designer/RangeSliderSpecifics.qml
be818733df7d4bf4f45779ff84e1444d0d2e07688fb9b13b503d26044092c51e	1067	other	/home/rootitanium/qml/QtQuick/Controls/designer/RoundButtonSpecifics.qml
11cabb438842c1427c8f7d3196401b3553e35cc973196b78b5add377cb7f7cfe	1499	other	/home/rootitanium/qml/QtQuick/Controls/designer/ScrollViewSpecifics.qml
6cecd020a10d8bfd167e49d107117d1636894179ee0b6b6853707360d745ed5d	4668	other	/home/rootitanium/qml/QtQuick/Controls/designer/SliderSpecifics.qml
8ac9196cd63cc43a649904277b56fa1eb2e74ecc9c29687fce187eeceb0d0d01	3173	other	/home/rootitanium/qml/QtQuick/Controls/designer/SpinBoxSpecifics.qml
f4ec3d66453519b038b5631c0ab08b90dbf101de34c9336bb98b2daf5a2ee479	405	other	/home/rootitanium/qml/QtQuick/Controls/designer/StackViewSpecifics.qml
bc529996a7f9b66500ee949f6cdd8af65dea4fe92cc1d9d7bf9fdd65301250b2	529	other	/home/rootitanium/qml/QtQuick/Controls/designer/SwipeDelegateSpecifics.qml
124b28159521cae2fb06b45d1cb149df53de903f7ca37e307ef0f04ae1c14cf8	1403	other	/home/rootitanium/qml/QtQuick/Controls/designer/SwipeViewSpecifics.qml
a3d2a22216134cc62b1fe4238ae4a4e59bb09c47aa786f8192e53fc38f36321c	476	other	/home/rootitanium/qml/QtQuick/Controls/designer/SwitchDelegateSpecifics.qml
1c751e2dc4863d2129582d0a9569c7ce20157e38d0dd63237ab27d6172d71a63	468	other	/home/rootitanium/qml/QtQuick/Controls/designer/SwitchSpecifics.qml
ea77faff77e982c5fe6fb69693607095ea40ddce8ce8d34e2807847e5f92bc3b	1962	other	/home/rootitanium/qml/QtQuick/Controls/designer/TabBarSpecifics.qml
1c751e2dc4863d2129582d0a9569c7ce20157e38d0dd63237ab27d6172d71a63	468	other	/home/rootitanium/qml/QtQuick/Controls/designer/TabButtonSpecifics.qml
4b28082d90651d6a0b90ac172a51cf0595ca171314c9a26a7d75942daf5ab39c	1727	other	/home/rootitanium/qml/QtQuick/Controls/designer/TextAreaSpecifics.qml
6698c269a8182dcbc2a082b1067244636f5c652944c70bc9f62510a9fdae892e	1631	other	/home/rootitanium/qml/QtQuick/Controls/designer/TextFieldSpecifics.qml
2fd9f745bc7702571ac7181c50d062a705d337d3afcca56228b1ca8e33b2501b	985	other	/home/rootitanium/qml/QtQuick/Controls/designer/ToolBarSpecifics.qml
f6a488786bf4367926e556e1650eb189eef00e7123f0d67b97f678f546e1f4bd	523	other	/home/rootitanium/qml/QtQuick/Controls/designer/ToolButtonSpecifics.qml
5a81bef653915dfa642f79dfa1726ec0e82e6ccc677ddffae0724e888e4c48f7	901	other	/home/rootitanium/qml/QtQuick/Controls/designer/ToolSeparatorSpecifics.qml
55389f8a5899a2bf3d4e28df5e963b195afb32afdd0769beb4f4c569b1af8a3d	1802	other	/home/rootitanium/qml/QtQuick/Controls/designer/TumblerSpecifics.qml
02e0fa98254896d80e653f6223670ecaf5b289e9326b569deda68fb9b3a924ed	320	other	/home/rootitanium/qml/QtQuick/Controls/designer/images/busyindicator-icon.png
2733397b655e5ce5ee38a89ce4c47e608cc439c61479191cc769e3cb2047fcac	229	other	/home/rootitanium/qml/QtQuick/Controls/designer/images/busyindicator-icon16.png
e0cdd5067406a7af72c33aba8bbe7ddcb67b35c3aa232ca538f0243d35f9dbc9	643	other	/home/rootitanium/qml/QtQuick/Controls/designer/images/busyindicator-icon@2x.png
8b570afcf93f9ff7d2299d1689d372b57df9c432946c28ec5688d437070dd8c0	162	other	/home/rootitanium/qml/QtQuick/Controls/designer/images/button-icon.png
bebdee848cf1b6041d5fe1e00b064aa16f7cff5117a3ba72511e70e69c52b888	145	other	/home/rootitanium/qml/QtQuick/Controls/designer/images/button-icon16.png
82c19b31bb0aed7546aa71a9bd909c81056d72c0b91c0b6846f427bdc03a738a	259	other	/home/rootitanium/qml/QtQuick/Controls/designer/images/button-icon@2x.png
1311dd9623d476fad26ec82c6622f52181e8c557309d3b0e4b964410ae49dd24	258	other	/home/rootitanium/qml/QtQuick/Controls/designer/images/checkbox-icon.png
c79b4b9c3c7c95c8a9a7f387b7565003904ab92754d808b63b603695a7782bd1	230	other	/home/rootitanium/qml/QtQuick/Controls/designer/images/checkbox-icon16.png
81497dec610fba4092b6fea708898ef5378c556cf50547db745f0d2bb0b15e0e	336	other	/home/rootitanium/qml/QtQuick/Controls/designer/images/checkbox-icon@2x.png
1339f0ee67af481730246cde6c2294e75389cbfbd88ae7e92e978e24c5477e1f	156	other	/home/rootitanium/qml/QtQuick/Controls/designer/images/combobox-icon.png
5c8669bbaf53135cd9a908c7de90a765e6aa63291d4f38188b2fd8ceb7d42eb3	155	other	/home/rootitanium/qml/QtQuick/Controls/designer/images/combobox-icon16.png
2a55b72a3bc42ab0292fbe1259e27f4fadfb08c19db2a6012523aa8fb221ca52	185	other	/home/rootitanium/qml/QtQuick/Controls/designer/images/combobox-icon@2x.png
4b419bed449885a9ce6a92a001ca9e19f084dadc3d369bd99b926f1e71bc7903	293	other	/home/rootitanium/qml/QtQuick/Controls/designer/images/control-icon.png
9879d4655024afc502749bb00d8299d971d0812d9348bdb9f194d8c541475811	229	other	/home/rootitanium/qml/QtQuick/Controls/designer/images/control-icon16.png
8c807c9b566f1a0052c4bdd745df974289c04922f33cbf7584a45a0806db628f	509	other	/home/rootitanium/qml/QtQuick/Controls/designer/images/control-icon@2x.png
9a87ace858844ce30217e692274f96eb064fc3ea3afd7cd22e73481bb73f3d3c	189	other	/home/rootitanium/qml/QtQuick/Controls/designer/images/delaybutton-icon.png
f62ab5573950155f52ae1b7911a7ed547e877785883d77307cd5953ddfaa0d5b	160	other	/home/rootitanium/qml/QtQuick/Controls/designer/images/delaybutton-icon16.png
53f0385b1e5aca0f6caf5d38895ec5f5da1afb61f99be8fcda086db44342badd	286	other	/home/rootitanium/qml/QtQuick/Controls/designer/images/delaybutton-icon@2x.png
b920792965b82f5e6a6050584cad23177eae03cd531703858c97c7f9e1562b1d	267	other	/home/rootitanium/qml/QtQuick/Controls/designer/images/dial-icon.png
5d34c18970adba1c6e1cf4bff1d10869610f9c634566e64764473dc978cd3589	243	other	/home/rootitanium/qml/QtQuick/Controls/designer/images/dial-icon16.png
8e5865dea50e264bc454a474b5f92902a0f7bedaa2841f7e967b8a9741bfe16a	505	other	/home/rootitanium/qml/QtQuick/Controls/designer/images/dial-icon@2x.png
34fa2c4574d3640ec71ab2a381ee781995e4772a060afa6bd8fb9b13577218a1	121	other	/home/rootitanium/qml/QtQuick/Controls/designer/images/frame-icon.png
2f8a816d42fd5f91c6106c89dcee793697e9801419cf935ecdee902463e2720d	117	other	/home/rootitanium/qml/QtQuick/Controls/designer/images/frame-icon16.png
457668fc7504283bf117791edc3ef901818ae857387fde1d0e1f17b420741266	125	other	/home/rootitanium/qml/QtQuick/Controls/designer/images/frame-icon@2x.png
ff9230939eafdfc03c31f6dbf9b42dc8e5fc6e76904638bd0af04612bb6c3d88	133	other	/home/rootitanium/qml/QtQuick/Controls/designer/images/groupbox-icon.png
9baa51f7c2e36e6fb68ae25f417034e9cbfe67a7263d521a39304a36ce8581a3	125	other	/home/rootitanium/qml/QtQuick/Controls/designer/images/groupbox-icon16.png
8bfaae84606a3b98252bb9036f135730f6fec4b4976a832459dae1014025f385	136	other	/home/rootitanium/qml/QtQuick/Controls/designer/images/groupbox-icon@2x.png
ab5fbd265a69f34a4aabf064594ce5dd9db497f9e0b78109bbb6cae248ee2e6e	127	other	/home/rootitanium/qml/QtQuick/Controls/designer/images/itemdelegate-icon.png
2ed49e5d10f3eff68cd57f9f5ca18e1649d79d64430cd0c27c2f379c31e2c5ba	124	other	/home/rootitanium/qml/QtQuick/Controls/designer/images/itemdelegate-icon16.png
35cd190647589d00427e03f347fb9a0e68fbaa18f3556393f8a9978c83287bb8	133	other	/home/rootitanium/qml/QtQuick/Controls/designer/images/itemdelegate-icon@2x.png
e66830233371d21e0dd1613e4cd968c8addddd38459dca332eb1184d30005b2d	206	other	/home/rootitanium/qml/QtQuick/Controls/designer/images/label-icon.png
8ce5fa2c227d57adbf9b68baa42a3765d81e34e8332c413e498e989074be8701	182	other	/home/rootitanium/qml/QtQuick/Controls/designer/images/label-icon16.png
ccbc36be31ba5b576570753fa92181b887e9a048f9155b2cc630badf2f229b3e	284	other	/home/rootitanium/qml/QtQuick/Controls/designer/images/label-icon@2x.png
671571e519d51393f67c7ef6165abedf2cbcf6a5adec760d62f7477733791610	190	other	/home/rootitanium/qml/QtQuick/Controls/designer/images/page-icon.png
a1104b7c497367b054ea7bb7b13042abcf6e2701b5b4fd2d32e4f0c288c61c8b	148	other	/home/rootitanium/qml/QtQuick/Controls/designer/images/page-icon16.png
470c07cf07f02ed291741433aad88ab80f1ec7671d6403dec3d74f7ee13bb803	195	other	/home/rootitanium/qml/QtQuick/Controls/designer/images/page-icon@2x.png
f464fa5bbc20f60471a1747b455fb5982c34e378602858ebc54a28128d53caaf	179	other	/home/rootitanium/qml/QtQuick/Controls/designer/images/pageindicator-icon.png
c55198faacceef55982a3ecebe54ee4da5c602de3f25f1ca8a7e0e47390a42d5	158	other	/home/rootitanium/qml/QtQuick/Controls/designer/images/pageindicator-icon16.png
f76d3db6e89f93b8a94227791df7679341c42baa1c81d36290b0c3eab6cb87dd	207	other	/home/rootitanium/qml/QtQuick/Controls/designer/images/pageindicator-icon@2x.png
f685a48ecce386e135631bea5021d952b76f103d9591c5f0a08e3ee128095108	93	other	/home/rootitanium/qml/QtQuick/Controls/designer/images/pane-icon.png
52a9fd93b93d89d52179d59413d9e66c30e4dcb772517d2779b50b333d8bf2bb	92	other	/home/rootitanium/qml/QtQuick/Controls/designer/images/pane-icon16.png
b72e9b5cdd7cc922817a511e44bd27573868ef7841b456a4c22ff9fc61092d3a	96	other	/home/rootitanium/qml/QtQuick/Controls/designer/images/pane-icon@2x.png
6b3f1da3dd4ca2cb84164070647d28cc9fb2490e8abcec24639ea7f4f3789fd8	101	other	/home/rootitanium/qml/QtQuick/Controls/designer/images/progressbar-icon.png
d2697968299a96aecd915c22891db2e25f3059bb9d5a4e207ecd156115fcd2a8	92	other	/home/rootitanium/qml/QtQuick/Controls/designer/images/progressbar-icon16.png
a7e67f219846d4f820c64f2c6be7c58c9a5f048ec78def9bb634a0dc43479841	127	other	/home/rootitanium/qml/QtQuick/Controls/designer/images/progressbar-icon@2x.png
a78117cb020ca15f02b3bccff2682e5dd53740820872e49be0f592946179d970	279	other	/home/rootitanium/qml/QtQuick/Controls/designer/images/radiobutton-icon.png
56d1aabb240390f3af33227cf47572ddb604b5581144739deeb422a4e3598182	218	other	/home/rootitanium/qml/QtQuick/Controls/designer/images/radiobutton-icon16.png
33a57b2b210e4000c73200eb62eae4e3fdb53e752f2fc8cee5032c2967d2bdc5	482	other	/home/rootitanium/qml/QtQuick/Controls/designer/images/radiobutton-icon@2x.png
6f1b5f8d94399a1bb372d78b958101621d04c2030324dce548d570dc140a9e8e	269	other	/home/rootitanium/qml/QtQuick/Controls/designer/images/rangeslider-icon.png
6864eb590ecdea19deaa5d9d858164e9f0fed65b3f92fcbafb4f1f2b678bdca9	231	other	/home/rootitanium/qml/QtQuick/Controls/designer/images/rangeslider-icon16.png
2cdbda8732e153568c15e088a865a822f9743b1b437c7db1341c2917199f28ad	282	other	/home/rootitanium/qml/QtQuick/Controls/designer/images/rangeslider-icon@2x.png
99b9b80312b8deaf6b9f39ae3d9bedc2053c13e60af608a4b0497ac300abed57	229	other	/home/rootitanium/qml/QtQuick/Controls/designer/images/roundbutton-icon.png
dbeb399381f205c59fa25b5feee98ffaaf744ea4a339ae42f3a497a9a41ef2ed	186	other	/home/rootitanium/qml/QtQuick/Controls/designer/images/roundbutton-icon16.png
d29e2d78a95efcaba8391ea35a5f1c097be666bf878fcbb2d91262d600213129	381	other	/home/rootitanium/qml/QtQuick/Controls/designer/images/roundbutton-icon@2x.png
95c391220b616e9733a9d4fb8c675430069dd74ca3c37e4def92158c3a1b75e2	110	other	/home/rootitanium/qml/QtQuick/Controls/designer/images/scrollview-icon.png
382824cb4968e384b1a85de6a222ebf36eb5691f4a736e7293580fe62a9faa81	116	other	/home/rootitanium/qml/QtQuick/Controls/designer/images/scrollview-icon16.png
046e91e191b4db9f38c631004ff261c3a391ed6bd10821fcbd75a367b99045c2	145	other	/home/rootitanium/qml/QtQuick/Controls/designer/images/scrollview-icon@2x.png
62687a61fc08e488563f76deef1c3dfa13a4d46b1b2989ed0b8e97b8ea286a80	190	other	/home/rootitanium/qml/QtQuick/Controls/designer/images/slider-icon.png
a1f3e4c5b3955e27ae26b96ad3611c68ea3a0c821f79e26e3037050f77da30d2	156	other	/home/rootitanium/qml/QtQuick/Controls/designer/images/slider-icon16.png
e2549f3edf7f059c7386780acb7b837282226713df8e335ea20eaae46d558292	227	other	/home/rootitanium/qml/QtQuick/Controls/designer/images/slider-icon@2x.png
a4b625cf8a9514fb099bf6ec10bb3e3cb85eec1965e559c7d2a945b4cce9fa07	144	other	/home/rootitanium/qml/QtQuick/Controls/designer/images/spinbox-icon.png
8ad23fc81cf56182c5d8a70be925539de31bcea0f2b6b54bb8592a71ae634545	151	other	/home/rootitanium/qml/QtQuick/Controls/designer/images/spinbox-icon16.png
de0d8d23a147190e9a5a1d97828953d2aaf73938033be5c648bd621cce8533f0	178	other	/home/rootitanium/qml/QtQuick/Controls/designer/images/spinbox-icon@2x.png
8d0ec44ba53cf381c80624aef18ce8962730be6f8ebe15890cb32a0b8c3477b7	162	other	/home/rootitanium/qml/QtQuick/Controls/designer/images/stackview-icon.png
0becb6fb56908d6e9923693f0685d0d03e8a14a65a03b823765914baeb07bf2b	151	other	/home/rootitanium/qml/QtQuick/Controls/designer/images/stackview-icon16.png
8b196affa121b3423b2e552b6c000f4df419dcea9384707de5abcf5eb6d26534	167	other	/home/rootitanium/qml/QtQuick/Controls/designer/images/stackview-icon@2x.png
e5856ad4fa95cbbad49f8d33705550a74a718fdb398eb82e717ed8b7c82f14d1	163	other	/home/rootitanium/qml/QtQuick/Controls/designer/images/swipeview-icon.png
98dd3480608943dbcfdf9c355084f03988bd7a479564c13eee52b603d744c90d	152	other	/home/rootitanium/qml/QtQuick/Controls/designer/images/swipeview-icon16.png
c6ccb895a1fb51423297a02194e4d9a1ac2e5a7bd690903feca458582f90decd	184	other	/home/rootitanium/qml/QtQuick/Controls/designer/images/swipeview-icon@2x.png
c8f6d4cb1869750b512dcce9a605fe9625edd76117253dc41bae0c3d4dcb0c97	205	other	/home/rootitanium/qml/QtQuick/Controls/designer/images/switch-icon.png
8690393a518700ced00da1322c2438ba6f6498c54afdc309560e8dea1a953119	160	other	/home/rootitanium/qml/QtQuick/Controls/designer/images/switch-icon16.png
77cbb8f223a8305b80415e9827f96e2efe7c00a1a947e36d329771fbf90282a3	314	other	/home/rootitanium/qml/QtQuick/Controls/designer/images/switch-icon@2x.png
5a266d70001496c2ea91123ea595228394257e937e0df19f3f3e95ffa00a0c47	149	other	/home/rootitanium/qml/QtQuick/Controls/designer/images/textarea-icon.png
41e8e252abeca49bd6efbf151fe02acf120feab7980875d46eea5a8e659d966a	133	other	/home/rootitanium/qml/QtQuick/Controls/designer/images/textarea-icon16.png
f51ce133dd7cb2ed74c8dab85e775c46e705bfc91d6212a8d04b0c5432c822a1	163	other	/home/rootitanium/qml/QtQuick/Controls/designer/images/textarea-icon@2x.png
dd0453fd04ffa9aedf5aac978fd4f2e22107fb46d6f2869cbac4de5903e1500a	154	other	/home/rootitanium/qml/QtQuick/Controls/designer/images/textfield-icon.png
9a8f3eb2a14ec5517495f687402351fbbe2e06a04401d03d294e2544913b62f4	147	other	/home/rootitanium/qml/QtQuick/Controls/designer/images/textfield-icon16.png
85b8ddbc37078a49f151f2bff080b33db54b6e0c2a8fe6a044b83d9a3148a2db	172	other	/home/rootitanium/qml/QtQuick/Controls/designer/images/textfield-icon@2x.png
091c60f6ba74899ab0bd2afc454755659fa7d3b40a9a1f1f2e8ff557abca697e	131	other	/home/rootitanium/qml/QtQuick/Controls/designer/images/toolbar-icon.png
b5265d124540a03e1fa7dec3160b210b0ba48257d272b77f2f98cc17acd1c754	114	other	/home/rootitanium/qml/QtQuick/Controls/designer/images/toolbar-icon16.png
286a7e5f47c1f8f67008ff1343ece35cd5236ae9682e6556398c4d19682b2406	140	other	/home/rootitanium/qml/QtQuick/Controls/designer/images/toolbar-icon@2x.png
925d6c1f934919b59e1f3e142b2e7a38b0d4f6d5ca2fe67efb7f237b22c300a0	141	other	/home/rootitanium/qml/QtQuick/Controls/designer/images/toolbutton-icon.png
158c753531d79b927cd384125688fa813d4282cca5d237be7e89b8dd66e7fd85	128	other	/home/rootitanium/qml/QtQuick/Controls/designer/images/toolbutton-icon16.png
ab648e389ec4282747300e00a293a1dd7ddb56f63e232da241d9b66a66009590	158	other	/home/rootitanium/qml/QtQuick/Controls/designer/images/toolbutton-icon@2x.png
b1198feb502554a254f9c1f3d86c1934e793876606ce1923458d0838ce1ef114	111	other	/home/rootitanium/qml/QtQuick/Controls/designer/images/toolseparator-icon.png
b7b0010f45f586a24225f07576ad4569327ee948c51c58f77445c6709622c5f6	123	other	/home/rootitanium/qml/QtQuick/Controls/designer/images/toolseparator-icon16.png
5b41b2f5367516b08139e31150ac48c16a256136b96c2d33ecbbb502aa8240ec	131	other	/home/rootitanium/qml/QtQuick/Controls/designer/images/toolseparator-icon@2x.png
66bc18b0f169cf3c17c1ee95938b4e6a5f517594a7799839eb24468f05ea0511	132	other	/home/rootitanium/qml/QtQuick/Controls/designer/images/tumbler-icon.png
dfa7fd0dca712c77bab4161e6e8d5c2dfeed76d3bfd75b7a194bfd5988eb55e1	127	other	/home/rootitanium/qml/QtQuick/Controls/designer/images/tumbler-icon16.png
7d2ee15dc2297ae4c6e376de8157b00f1361fc93fe374b2a170f4b9d2f90510e	153	other	/home/rootitanium/qml/QtQuick/Controls/designer/images/tumbler-icon@2x.png
1e7a65119d07a906d96d17f86a162b7aa800655f5326c433a02d573f358f4278	17947	other	/home/rootitanium/qml/QtQuick/Controls/designer/qtquickcontrols2.metainfo
5819555c4a5f9edc0dcf6bde2b5416c07fddb61cc308d3881e5845eec377c3c0	10000	elf	/home/rootitanium/qml/QtQuick/Controls/impl/libqtquickcontrols2implplugin.so
9261e8d9e1b0199fca8d181a6f3d53ad4c9c1181251894cc16197f95c91522d4	45103	other	/home/rootitanium/qml/QtQuick/Controls/impl/plugins.qmltypes
db0947fe68716f97d42718be3f8c6f831482a1e45c095145ac780e5c97f1e9c0	302	other	/home/rootitanium/qml/QtQuick/Controls/impl/qmldir
e60d72a5b7e8feec63b24ae2b8e5e18ba1a5396ece5c4eae634af50687822dc1	22284	elf	/home/rootitanium/qml/QtQuick/Controls/libqtquickcontrols2plugin.so
a96c7bf5832767bdc9d91e2290a3920aec3abfbf2e3814bce38b49483f16f84a	215	other	/home/rootitanium/qml/QtQuick/Controls/plugins.qmltypes
1a75339ddc08c14d320a4b542b69e498bf777ed4358138c5edde0133642c7793	649	other	/home/rootitanium/qml/QtQuick/Controls/qmldir
90c82637d65cbbab1ca1c39e1136797c07dc57de8e9c93a0d0753938a8ef9380	9996	elf	/home/rootitanium/qml/QtQuick/Dialogs/libqtquickdialogsplugin.so
5d930b83ba0868ddb807c04a9c57e741e799260e9c5a6f60a10acbba2d4a2d05	14465	other	/home/rootitanium/qml/QtQuick/Dialogs/plugins.qmltypes
23345c74287693cd8846f2d159c361aa822b5e6416c4dfe705e0a5d44e17e5b4	280	other	/home/rootitanium/qml/QtQuick/Dialogs/qmldir
3b05242d3e22e19b124987b135263d5b59066bb0066130a0dcdfcd9061f3586c	10004	elf	/home/rootitanium/qml/QtQuick/Dialogs/quickimpl/libqtquickdialogs2quickimplplugin.so
3a63ee8cee648e5f194b6ec6e57e8087c1798695900c4d26fb1a03cb8d40f57b	75689	other	/home/rootitanium/qml/QtQuick/Dialogs/quickimpl/plugins.qmltypes
53983e60a1f5362bb5b88c8c990d4725d1e4c299227214361b0633c4eb14de71	8121	other	/home/rootitanium/qml/QtQuick/Dialogs/quickimpl/qml/+Fusion/ColorDialog.qml
360e6cec859c525796ec63b5737fbd9b78353e5b689e303be9e98368d077b870	6839	other	/home/rootitanium/qml/QtQuick/Dialogs/quickimpl/qml/+Fusion/FileDialog.qml
6b515ce33f1254af93907913aff758ec000eec558786d04fde6085f6a6e870a7	2099	other	/home/rootitanium/qml/QtQuick/Dialogs/quickimpl/qml/+Fusion/FileDialogDelegate.qml
7cf252d3c528e1ec43fc806f90fe28ab3866986c07f00ba14545637a2ffbf8fc	2529	other	/home/rootitanium/qml/QtQuick/Dialogs/quickimpl/qml/+Fusion/FolderBreadcrumbBar.qml
b23b85e34455e931ddc59572bed0ef60ae095785d666be02aad57f16f3d4fe28	3970	other	/home/rootitanium/qml/QtQuick/Dialogs/quickimpl/qml/+Fusion/FolderDialog.qml
6c15c400ab3e06a3901b73a816f168052818006eec62e7f536e869bd16d23ffc	1895	other	/home/rootitanium/qml/QtQuick/Dialogs/quickimpl/qml/+Fusion/FolderDialogDelegate.qml
fc0bc65d91610cc2a5691148e513f46c17b13767b2cbcae0d3a607ed68684d79	3572	other	/home/rootitanium/qml/QtQuick/Dialogs/quickimpl/qml/+Fusion/FontDialog.qml
896b6e7ee49e086b127c5265630bae360e09e687d2577f46196d94b88634ccd5	4026	other	/home/rootitanium/qml/QtQuick/Dialogs/quickimpl/qml/+Fusion/MessageDialog.qml
fe0c20d8975da4491cab592e31974ab0dbabb4e128f4aeb673c69d6a88ad01d5	9024	other	/home/rootitanium/qml/QtQuick/Dialogs/quickimpl/qml/+Imagine/ColorDialog.qml
04e796a21fae832b9f0e5267c8078bd61d506d0593dc6e30c4e3b2942c34b5f2	6648	other	/home/rootitanium/qml/QtQuick/Dialogs/quickimpl/qml/+Imagine/FileDialog.qml
6b27ca6ab3943bffb684943d2f1b32d92059986daa2257913fb45181bfe72c09	2570	other	/home/rootitanium/qml/QtQuick/Dialogs/quickimpl/qml/+Imagine/FileDialogDelegate.qml
2c7072f95049e347b0e0186eb3e80449062a0483baec40fca2973e02d03550af	2049	other	/home/rootitanium/qml/QtQuick/Dialogs/quickimpl/qml/+Imagine/FolderBreadcrumbBar.qml
e494bb8c4d731adf57edcc74c7811310e1bc6a1b99ccc5d60d6620de766652fd	4527	other	/home/rootitanium/qml/QtQuick/Dialogs/quickimpl/qml/+Imagine/FolderDialog.qml
d6102acb3158e363e2fef428112967022afec5be59343fe81478fd22f0f91f43	2367	other	/home/rootitanium/qml/QtQuick/Dialogs/quickimpl/qml/+Imagine/FolderDialogDelegate.qml
632560dd9e6a6edb871e12e8d5f67c02dd0dca4f93edcafa470b4a0993b316fb	4179	other	/home/rootitanium/qml/QtQuick/Dialogs/quickimpl/qml/+Imagine/FontDialog.qml
a6d843028c832a6b1f7990a91e7fad94687bd3f49e471533da2ae1a0cc9f2ad6	4847	other	/home/rootitanium/qml/QtQuick/Dialogs/quickimpl/qml/+Imagine/MessageDialog.qml
1d3086b4761d6a4abc95c2d1be1bf1f878d04971d7bef16c65e0e520c6b41b08	8149	other	/home/rootitanium/qml/QtQuick/Dialogs/quickimpl/qml/+Material/ColorDialog.qml
acafababb683002ef3473d774529b54449dc21f41921d2b1ef5afadd272023d3	5731	other	/home/rootitanium/qml/QtQuick/Dialogs/quickimpl/qml/+Material/FileDialog.qml
484a879b7c46b114d6edd6f726a34555cd05c9de34b707fb42aa8bb3142bde65	2134	other	/home/rootitanium/qml/QtQuick/Dialogs/quickimpl/qml/+Material/FileDialogDelegate.qml
179485c31afd30d2e978907b72cf8915a34c5a3f01186c7ef804378bef1e6457	2557	other	/home/rootitanium/qml/QtQuick/Dialogs/quickimpl/qml/+Material/FolderBreadcrumbBar.qml
33dafb223638db3a39f1fef382c68f57ec6d6300baa160503bae37d3c2876ec9	3304	other	/home/rootitanium/qml/QtQuick/Dialogs/quickimpl/qml/+Material/FolderDialog.qml
82992d7f3a6428145996421b17f80354558eeeb0bf9c653c49ff4066436463f6	1919	other	/home/rootitanium/qml/QtQuick/Dialogs/quickimpl/qml/+Material/FolderDialogDelegate.qml
0c06d2fb95ab6f6936a3208f35b3ff611979474755504c122428a320e4a8bd59	3143	other	/home/rootitanium/qml/QtQuick/Dialogs/quickimpl/qml/+Material/FontDialog.qml
4243bd85465447dc833f5bf2a9022c194bfb814d212187f6f4d4f51fb467983b	4052	other	/home/rootitanium/qml/QtQuick/Dialogs/quickimpl/qml/+Material/MessageDialog.qml
a88779c1d3ca78e64280a556a34567c983181232f443306869872bf82caf32a1	8546	other	/home/rootitanium/qml/QtQuick/Dialogs/quickimpl/qml/+Universal/ColorDialog.qml
c57078d240ed3141321bbc7e784fecd0744efabdb5301f0d357f56137d08fc14	5781	other	/home/rootitanium/qml/QtQuick/Dialogs/quickimpl/qml/+Universal/FileDialog.qml
cc4caf125aea39853f0b8cfec72aae0ccc9a55311011fd39ef5b4d025f69b8e0	2136	other	/home/rootitanium/qml/QtQuick/Dialogs/quickimpl/qml/+Universal/FileDialogDelegate.qml
8e76bc95fbdb4863d979c5a3f3ee908a848888ccf74e4285fe7e769858798764	2493	other	/home/rootitanium/qml/QtQuick/Dialogs/quickimpl/qml/+Universal/FolderBreadcrumbBar.qml
197dab838dc27bae18b8b916511e18f8ff29ce45e4bdc9de6d2828d0d84b4e02	3691	other	/home/rootitanium/qml/QtQuick/Dialogs/quickimpl/qml/+Universal/FolderDialog.qml
ed67f18773bc21e49a600027727ce4d9bca27c6d80d5ef002da8c792d23ba142	1936	other	/home/rootitanium/qml/QtQuick/Dialogs/quickimpl/qml/+Universal/FolderDialogDelegate.qml
8a1fbc9a4ae1f8005efdba61b15f8f392a9d828a680500ab4d111dc41fe1a25c	3363	other	/home/rootitanium/qml/QtQuick/Dialogs/quickimpl/qml/+Universal/FontDialog.qml
a06d2ab20fb60b0b811c344ea5144f764872a161bd3529f909134fcee1677fd4	3916	other	/home/rootitanium/qml/QtQuick/Dialogs/quickimpl/qml/+Universal/MessageDialog.qml
a6408085af215b930a61b9457e5e94382de19de6c3542fb02cdc425a51d37401	8750	other	/home/rootitanium/qml/QtQuick/Dialogs/quickimpl/qml/ColorDialog.qml
2104d727fa8cfb91cdf6012bbd14a052cc4ef95083de77c1acadfdea07ab480b	10790	other	/home/rootitanium/qml/QtQuick/Dialogs/quickimpl/qml/ColorInputs.qml
c60a6303462fbe32e30537c9ec97405b089b501bd46efcf533a7eaf2e1174457	6539	other	/home/rootitanium/qml/QtQuick/Dialogs/quickimpl/qml/FileDialog.qml
487c1b9356dfcaa17d666b0b3c8f1daf7df568cd0a808ef814aab97cc72ccc4e	2058	other	/home/rootitanium/qml/QtQuick/Dialogs/quickimpl/qml/FileDialogDelegate.qml
50bb768f22c96a0727ce7c9ff3cdb7ae1337723a8ea9d476dbc855ae3d2fb7f5	2378	other	/home/rootitanium/qml/QtQuick/Dialogs/quickimpl/qml/FileDialogDelegateLabel.qml
9cd370668a53fd32a4b54dbedb99037ce06b14989817197fbb7d6546a9b575dc	2366	other	/home/rootitanium/qml/QtQuick/Dialogs/quickimpl/qml/FolderBreadcrumbBar.qml
c73297124a1338397dd0cc458e099de8f83890035df87ded25ad62b0229a5b0e	3442	other	/home/rootitanium/qml/QtQuick/Dialogs/quickimpl/qml/FolderDialog.qml
fecf288d839a098dff10015a0c202e7dd3a1136ca40ce988d2e4a33e2d3b2b16	1864	other	/home/rootitanium/qml/QtQuick/Dialogs/quickimpl/qml/FolderDialogDelegate.qml
7770bcde29ee008c46fbc5d3aca121765588f40999f2b2a17baebad5730144d1	1635	other	/home/rootitanium/qml/QtQuick/Dialogs/quickimpl/qml/FolderDialogDelegateLabel.qml
b3250741dda7e1172dd5501bcf3b9da0da41015672e0f882b8a1a1424dac4418	3672	other	/home/rootitanium/qml/QtQuick/Dialogs/quickimpl/qml/FontDialog.qml
b29451c5c442e2ea0edf4035f87c4991601442d5c0207b5393cd83497d6bfbcc	6509	other	/home/rootitanium/qml/QtQuick/Dialogs/quickimpl/qml/FontDialogContent.qml
66071945a357a67807f2bf04886c6e2f0c9cfa78b934876032b7c555b86920fb	694	other	/home/rootitanium/qml/QtQuick/Dialogs/quickimpl/qml/HueGradient.qml
81df6d675af123651530676457a2990634ccfca157a5218eaece8f16e8bc16d5	4021	other	/home/rootitanium/qml/QtQuick/Dialogs/quickimpl/qml/MessageDialog.qml
fe70e9c4eefa85f1a9dc1e4872ba173007eb6a1bdb3ddcfbbd8f51cd2810f9ec	782	other	/home/rootitanium/qml/QtQuick/Dialogs/quickimpl/qml/PickerHandle.qml
4e319295132a1dd2a31fc0ed7e767e95d9367528de9bcb5825536dc294382b8f	1301	other	/home/rootitanium/qml/QtQuick/Dialogs/quickimpl/qml/SaturationLightnessPicker.qml
e144845815bf237d32738f3d6d1adca979a8b0baa6828f010a3fb1846bfd9ac3	2691	other	/home/rootitanium/qml/QtQuick/Dialogs/quickimpl/qmldir
bf22c0bd39318296d50be72042e6e1aae8eb42e79bb105bfea90450cd866235d	9988	elf	/home/rootitanium/qml/QtQuick/Effects/libeffectsplugin.so
7d20140212b2fb4a746c217fb16d6209872cce9a3a140bdac9c2c971685180ae	8870	other	/home/rootitanium/qml/QtQuick/Effects/plugins.qmltypes
6ee646310ccf12970f2e8e759db418da23691f152982f9d595ea2b7899f528d2	211	other	/home/rootitanium/qml/QtQuick/Effects/qmldir
bfe4c81b2cd6c557b4566baa01da9a21bb3de887c663ebfb040681f942610921	9992	elf	/home/rootitanium/qml/QtQuick/Layouts/libqquicklayoutsplugin.so
17c3749b9b062d482c960a87803c9ca2b87c74fd8eed43fc8fb070cc09a81176	20323	other	/home/rootitanium/qml/QtQuick/Layouts/plugins.qmltypes
0601e05b583c24ee72158ab8553f9d2435dfe08dc5be20bf2e03fa24058ba4cb	241	other	/home/rootitanium/qml/QtQuick/Layouts/qmldir
ed81902b781b3b222ab9db7d14ffdefd08de547ffda52f03edf859d9b4b4d4d8	9996	elf	/home/rootitanium/qml/QtQuick/LocalStorage/libqmllocalstorageplugin.so
e40f60bf50921c41196dc8ac8478f0e7b037cddebc7edc66fd74a6cb8a044236	688	other	/home/rootitanium/qml/QtQuick/LocalStorage/plugins.qmltypes
db86842ad87ed4f65a38f775f6dca24c692df312c9f333555d82c62db988e447	218	other	/home/rootitanium/qml/QtQuick/LocalStorage/qmldir
ad09d35458d6738da084ab1e4152c7ffd13b30f2c9e84222bb2f515363b12bd8	1709	other	/home/rootitanium/qml/QtQuick/NativeStyle/controls/DefaultButton.qml
f7062f9b6a8c149e8ffc49a5d1fccabc4388798c65c415fd9ed28a1404b952fc	2446	other	/home/rootitanium/qml/QtQuick/NativeStyle/controls/DefaultCheckBox.qml
2e7cf66bccfe71bfe9d1798c94f483b7927c3bfc47313171657f1064c5d11767	3825	other	/home/rootitanium/qml/QtQuick/NativeStyle/controls/DefaultComboBox.qml
8d90f2707eee72191cefeee49ea8936119dbf8c7a5994b31589bafd6de0a4d1f	1002	other	/home/rootitanium/qml/QtQuick/NativeStyle/controls/DefaultDial.qml
494c0dff46947492488eeb8b95be2db110fb3f684fc7869fb2b0ad3664b8c5c4	1250	other	/home/rootitanium/qml/QtQuick/NativeStyle/controls/DefaultFrame.qml
22651659c35df23050bc30dc791c40b882f58b73c4d9076e29c7a9aa5e0b09a4	2280	other	/home/rootitanium/qml/QtQuick/NativeStyle/controls/DefaultGroupBox.qml
414ace297f0102e50f1639f82a21e98a2271635de6b53850cb76d1b6ba9fb94d	1057	other	/home/rootitanium/qml/QtQuick/NativeStyle/controls/DefaultItemDelegate.qml
49deb298077f8e6b79f94ac703e63dfbc45a848d00725d7c79048ff046c9d71c	836	other	/home/rootitanium/qml/QtQuick/NativeStyle/controls/DefaultItemDelegateIconLabel.qml
f8adf43eb913a206b7b38657299eb0b8fa8ea11635c2b90bd037ffd71a124eea	954	other	/home/rootitanium/qml/QtQuick/NativeStyle/controls/DefaultProgressBar.qml
64e24d33ba6f68ef4ed09e943f4bdcbab5a6177a063aa8065c0c3382229b638f	2309	other	/home/rootitanium/qml/QtQuick/NativeStyle/controls/DefaultRadioButton.qml
c0c2366eedd26a727e43b89812c305b30bd4942ee24baf01dbf31c640f86a8c5	1998	other	/home/rootitanium/qml/QtQuick/NativeStyle/controls/DefaultRadioDelegate.qml
a2d05e64422470516f28dbd9ffcf93f67f9106cd2b597745fd821db3d153026d	1206	other	/home/rootitanium/qml/QtQuick/NativeStyle/controls/DefaultScrollBar.qml
bffc0b6562f1508da7ca03cdcb5b1b8c3bbcab881afe0616505ad72aa1f2ce10	1797	other	/home/rootitanium/qml/QtQuick/NativeStyle/controls/DefaultSlider.qml
f4736d9cb573195efa756926b90125ee2f5b4e5e67db38ac1bcc81443e9fd1ea	2527	other	/home/rootitanium/qml/QtQuick/NativeStyle/controls/DefaultSpinBox.qml
f855652cb5855ecd9fd8276c80ba02edbb207735e641d5dc347936a593bbe984	1923	other	/home/rootitanium/qml/QtQuick/NativeStyle/controls/DefaultTextArea.qml
403f2d2fbb287dc57596838a45ce42453ec5c1658100e899a89fd3906a9e7e94	2291	other	/home/rootitanium/qml/QtQuick/NativeStyle/controls/DefaultTextField.qml
fb3a5afec96c0b32a1d0d0bb0739570bdea0732ab89b3a9aa41c1f6b7af7e3a5	3956	other	/home/rootitanium/qml/QtQuick/NativeStyle/controls/DefaultTreeViewDelegate.qml
3d1d3ef48ef0633e0d78111a7332e7ee4b6bd3af516541e21cbcff86713c6b4f	53	other	/home/rootitanium/qml/QtQuick/NativeStyle/controls/qmldir
c340096bab577d31093a7d971922eaab729c2eade00def451a2bd12032d107dc	571992	elf	/home/rootitanium/qml/QtQuick/NativeStyle/libqtquickcontrols2nativestyleplugin.so
870ca734084247f92607c9f97515b5d32e595037e68f2c86c55f3497c39ba8bd	10888	other	/home/rootitanium/qml/QtQuick/NativeStyle/plugins.qmltypes
a041fcf072d6168c9a7f1e7a351ad3cffa30123ba1e5879bb27b7a54ad407ff7	2092	other	/home/rootitanium/qml/QtQuick/NativeStyle/qmldir
5a725f903121d4785be70f8369ab0544402b8118fb003a0112fa877bd1420d87	9988	elf	/home/rootitanium/qml/QtQuick/Particles/libparticlesplugin.so
3dd6936514ceff975f83cb1888092afdf17e56e463939d15d795b12fc40177f3	75361	other	/home/rootitanium/qml/QtQuick/Particles/plugins.qmltypes
f07408fe1e3b12648b33d49f72659f66764c9a0017fddf87cf77dba82cb1c273	222	other	/home/rootitanium/qml/QtQuick/Particles/qmldir
2be531f01367a9ff0cc873c33d1d6231df9b7f142c6400666a3607904ed89b01	9988	elf	/home/rootitanium/qml/QtQuick/Shapes/libqmlshapesplugin.so
e01bc718372e478bf6f8ee3248b7fa684c6629abbdd1cb0ff0e7d74a78e61394	16470	other	/home/rootitanium/qml/QtQuick/Shapes/plugins.qmltypes
fbebfff93729f32b000c9d467282655814eea445a92f0979989207870ce25ddd	199	other	/home/rootitanium/qml/QtQuick/Shapes/qmldir
a7557fd59b199113434ccd38fcfd56b760df84744c31b44a9beabe1e8a71c84c	9996	elf	/home/rootitanium/qml/QtQuick/Templates/libqtquicktemplates2plugin.so
0572aaaa4d8a0cca688eaf507285920a9e8d0a7fafdb11328ebac11f30caa2b7	249748	other	/home/rootitanium/qml/QtQuick/Templates/plugins.qmltypes
33785930717153199ad6d4303ade8835da09c67fbff681aaf535f0409c071d0a	245	other	/home/rootitanium/qml/QtQuick/Templates/qmldir
ca02861d9a7b40ce5f0c9fec0e901d726cfee4d4d72528459ee77a9851648840	9996	elf	/home/rootitanium/qml/QtQuick/VectorImage/libqquickvectorimageplugin.so
f51c6af454c1027ed48d74700a9bd78ae421ea8d17cf51208723217813a90d5a	1876	other	/home/rootitanium/qml/QtQuick/VectorImage/plugins.qmltypes
d28bd45168ab0385e627b82896b520f28fecc5726ce5b88d5644084ea17b5bad	213	other	/home/rootitanium/qml/QtQuick/VectorImage/qmldir
d427b7bdda58d5cd31ba227ce439c59995ecb686b81d0451cd96ff4232f42a67	4252	other	/home/rootitanium/qml/QtQuick/VirtualKeyboard/Components/AlternativeKeys.qml
8dda6b059bab6a26363f3d3c48b58ce87df0f8ef556602e5eaa981f8cf537c4e	743	other	/home/rootitanium/qml/QtQuick/VirtualKeyboard/Components/BackspaceKey.qml
04d18ecb8e5e38fdd8e8af3339c9aff675a8162bbb6e7c471dd06e1d068cb17e	7653	other	/home/rootitanium/qml/QtQuick/VirtualKeyboard/Components/BaseKey.qml
c45a5600b0280423c2d19699e5fe4422d7098c6b26860c2c0a8e569b99bd79d7	1920	other	/home/rootitanium/qml/QtQuick/VirtualKeyboard/Components/ChangeLanguageKey.qml
cf0991f9f7f573032fd6a5912440542921c0029de3ad1f5e058a6f32307331d7	2122	other	/home/rootitanium/qml/QtQuick/VirtualKeyboard/Components/CharacterPreviewBubble.qml
a2350c27aa2d829397338c3b3d34b5d291867fd3cfc08928a37afd19f0efd00d	1215	other	/home/rootitanium/qml/QtQuick/VirtualKeyboard/Components/EnterKey.qml
1ffe588ea6a23cee4c8a9ab69bca3222874a4a7c61c388cd9a1a9b94491133ca	564	other	/home/rootitanium/qml/QtQuick/VirtualKeyboard/Components/FillerKey.qml
6281dabe2c4ba00239d27c47eeb94e564e78d5f7346b93503a2a436b2f4d75cb	3015	other	/home/rootitanium/qml/QtQuick/VirtualKeyboard/Components/FlickKey.qml
8a62294eb83e67ceb9b63111f99e55540447dfabc2ca982acafbdd1a183e05e2	3494	other	/home/rootitanium/qml/QtQuick/VirtualKeyboard/Components/FunctionPopupList.qml
77ccd9d1413afcdda8553c5b338ab6d759b36d6cb0f14195a4fd2aba990b52f3	1135	other	/home/rootitanium/qml/QtQuick/VirtualKeyboard/Components/HandwritingModeKey.qml
6fa056c701561ec5bdedb90e6e129e7b2a20605aa88d5a2347977c0b5d89eea3	919	other	/home/rootitanium/qml/QtQuick/VirtualKeyboard/Components/HideKeyboardKey.qml
25c0fd01321cd356f8f68a17ec65ccf76f2eed5f7492e57e70c375640b5a04f2	3969	other	/home/rootitanium/qml/QtQuick/VirtualKeyboard/Components/InputModeKey.qml
92bcd99b1a017c21868be9bc66a4ad43cbbcab527331199d5fe6a34f799eb316	737	other	/home/rootitanium/qml/QtQuick/VirtualKeyboard/Components/Key.qml
54dfb8b2ebc54a97c9bb0e154fbd74ff0ee4d28a77be76c80b8f8386d960994f	83638	other	/home/rootitanium/qml/QtQuick/VirtualKeyboard/Components/Keyboard.qml
e53e2c8c93d8d81744a3f1d2085e96cf26b999da3d128916de5fbffa0ddc525b	1035	other	/home/rootitanium/qml/QtQuick/VirtualKeyboard/Components/KeyboardColumn.qml
b913f2def4a0bf6eb4792fb5ea93e58fc4fba151c41b7bca9437bd338192cc95	4550	other	/home/rootitanium/qml/QtQuick/VirtualKeyboard/Components/KeyboardLayout.qml
6b8d08e4f69d4cbf3d1697ddb2844c9c4098eaa38aff9656418349a001a6365b	3535	other	/home/rootitanium/qml/QtQuick/VirtualKeyboard/Components/KeyboardLayoutLoader.qml
fa448633318b8ea5107afb97337cd06f4ae0ad7eeced642374b40908c4d04191	966	other	/home/rootitanium/qml/QtQuick/VirtualKeyboard/Components/KeyboardRow.qml
01faac108162eebf6442ba933a94dc2a58b3fdc82d9853e717db0bd0e0d51790	1304	other	/home/rootitanium/qml/QtQuick/VirtualKeyboard/Components/ModeKey.qml
d14608129b04b4a2e97d8594109f97f3d122d0c5fc335b885a9cb8d452a22d70	1366	other	/home/rootitanium/qml/QtQuick/VirtualKeyboard/Components/MultiSoundEffect.qml
ab7fafaaf93d4b0190e972fcdfa674eced9ac99d88266d9547b9cb7844667651	2930	other	/home/rootitanium/qml/QtQuick/VirtualKeyboard/Components/MultitapInputMethod.qml
e3d12d0538dec5697d3f4cac96eff9bc86028a2be24a3a9ac7b7a8406b2fe59e	675	other	/home/rootitanium/qml/QtQuick/VirtualKeyboard/Components/NumberKey.qml
fb88b918ad8397e67d760f4ee97c53dad6b0ef2642decb61d79ef225d7f7d5af	1240	other	/home/rootitanium/qml/QtQuick/VirtualKeyboard/Components/PopupList.qml
34d22bc5cc7afaeb04cde09fb78ef14105e3335715aacbc49730844732a98f1b	3385	other	/home/rootitanium/qml/QtQuick/VirtualKeyboard/Components/SelectionControl.qml
b882e4bd92107085f53fbb628786d4a148ef793498a22abe3e62717dbbf6e0e2	5432	other	/home/rootitanium/qml/QtQuick/VirtualKeyboard/Components/ShadowInputControl.qml
e8fa4c1888f7a1d83fa23ff01c329da75008bc4dc3c60fcd636961687daab273	817	other	/home/rootitanium/qml/QtQuick/VirtualKeyboard/Components/ShiftKey.qml
01555eb4807ea5d79e5b00103ef8db3c5f6313dcaa14c0e153e72647f36f644f	723	other	/home/rootitanium/qml/QtQuick/VirtualKeyboard/Components/SpaceKey.qml
e29e70196d1710ded4561d1823f620fd7050af8a98b75f602e6d94e3bb65e901	790	other	/home/rootitanium/qml/QtQuick/VirtualKeyboard/Components/SymbolModeKey.qml
45c40c8d60506243519ef5fd0f2d8f3c64ffe5fbb0f3bf9e6194819cf87d683f	7286	other	/home/rootitanium/qml/QtQuick/VirtualKeyboard/Components/TraceInputArea.qml
a44d198880bd89aab84e6a9a339c259c8dbcb18bf3233844de8864fdf23ec1bd	2993	other	/home/rootitanium/qml/QtQuick/VirtualKeyboard/Components/TraceInputKey.qml
1046c53bfbbdc65bfd28bd9f874bc2958263d39e99428535d6ebc3f5bc8517d5	2756	other	/home/rootitanium/qml/QtQuick/VirtualKeyboard/Components/WordCandidatePopupList.qml
c87ec6790f618da6d95c69e5f20524dc3aff2978978ee20508f70164383a2f30	526348	elf	/home/rootitanium/qml/QtQuick/VirtualKeyboard/Components/libqtvkbcomponentsplugin.so
c02b960708c48c3e28570d18a89b11b83ed72b86f2affbfa07a69ca8633c2917	3732	other	/home/rootitanium/qml/QtQuick/VirtualKeyboard/Components/qmldir
a96c7bf5832767bdc9d91e2290a3920aec3abfbf2e3814bce38b49483f16f84a	215	other	/home/rootitanium/qml/QtQuick/VirtualKeyboard/Components/qtvkbcomponentsplugin.qmltypes
e92bb7c3d1e1ad5e4a8bc342e3c5fe5bb7d1802b845382acdc14a3749859a40c	208	other	/home/rootitanium/qml/QtQuick/VirtualKeyboard/EnterKey.qml
cfcb4b1865ebd67619844354580482e6eed73ccb9085953fae6ec0c2005b2ae6	4964	other	/home/rootitanium/qml/QtQuick/VirtualKeyboard/HandwritingInputPanel.qml
1a66ed8c5d0e42fb522c03ce3180dcea1fc7457ce6fa82df78de4c4ffa912b2a	4931	other	/home/rootitanium/qml/QtQuick/VirtualKeyboard/InputPanel.qml
0d8f5a6b9a6e09c9b0209f465036892d33e63aea4d72e2476e2a23c3dfe9683c	67240	elf	/home/rootitanium/qml/QtQuick/VirtualKeyboard/Layouts/libqtvkblayoutsplugin.so
bc220a6ed4c4d51efd7a766f527ff4bc02490c0b5f50576577a0592ff646953b	251	other	/home/rootitanium/qml/QtQuick/VirtualKeyboard/Layouts/qmldir
a96c7bf5832767bdc9d91e2290a3920aec3abfbf2e3814bce38b49483f16f84a	215	other	/home/rootitanium/qml/QtQuick/VirtualKeyboard/Layouts/qtvkblayoutsplugin.qmltypes
77827b742e02c97ebb204a5eea5dc402243dd0c290e5e1bec803b197a5ef9a50	67560	elf	/home/rootitanium/qml/QtQuick/VirtualKeyboard/Plugins/Hangul/libqtvkbhangulplugin.so
7d9f149875df04b954f87b814b5f59104b8849a2782ca6a1daa3d1fdbfa2b31e	732	other	/home/rootitanium/qml/QtQuick/VirtualKeyboard/Plugins/Hangul/plugins.qmltypes
9c3a10b7d5f8ec4a86098b51b2997afafd1877a007a1fb233ef78a5cbc5bb516	296	other	/home/rootitanium/qml/QtQuick/VirtualKeyboard/Plugins/Hangul/qmldir
c238ec6751d44170fc0740fcfd79fc9fe631b13188598260760fa73496805b13	1545284	elf	/home/rootitanium/qml/QtQuick/VirtualKeyboard/Plugins/OpenWNN/libqtvkbopenwnnplugin.so
011a34ddd450b0162bc9088e673f333ec6743dc24e42ce4df4e9c38d1a963e60	743	other	/home/rootitanium/qml/QtQuick/VirtualKeyboard/Plugins/OpenWNN/plugins.qmltypes
22af3805ea320e45d672b65b6d9b648c91d359621bca08410936a8d426aa4fbc	301	other	/home/rootitanium/qml/QtQuick/VirtualKeyboard/Plugins/OpenWNN/qmldir
26a05adbe8c348842aeac17e11f9e71e427796e66350aae579d2300625676ba6	1181772	elf	/home/rootitanium/qml/QtQuick/VirtualKeyboard/Plugins/Pinyin/libqtvkbpinyinplugin.so
5795e5217c5af4d38da4003a4dfbcad85192ae540ce67db73378edfd48b62d6e	732	other	/home/rootitanium/qml/QtQuick/VirtualKeyboard/Plugins/Pinyin/plugins.qmltypes
a4eeea1f9c505e09888c22003602ab11888ac19ea49f2abde4ca83e93b5d39cb	296	other	/home/rootitanium/qml/QtQuick/VirtualKeyboard/Plugins/Pinyin/qmldir
40097c381a94d7db3f075560326e5d7268793604ad089832d3528f6377b16f52	329704	elf	/home/rootitanium/qml/QtQuick/VirtualKeyboard/Plugins/TCIme/libqtvkbtcimeplugin.so
5f493dda06ea9c220f01f2155451fe3da5c403f7447a6773b43efd4a4ebd8f3c	966	other	/home/rootitanium/qml/QtQuick/VirtualKeyboard/Plugins/TCIme/plugins.qmltypes
fccadfd62a7f249a94cee3f93e82707f558fc51537b8ffdec7f7aaf2d71b9e44	291	other	/home/rootitanium/qml/QtQuick/VirtualKeyboard/Plugins/TCIme/qmldir
3da8d0dc67bd2eff3272972d483381ca92c3f42c8d539723b435e38641b35db2	67560	elf	/home/rootitanium/qml/QtQuick/VirtualKeyboard/Plugins/Thai/libqtvkbthaiplugin.so
23ae955ee24a3a82192d79758f6a15ba26dc0ef417a555cb833c2dbb4196bf2d	716	other	/home/rootitanium/qml/QtQuick/VirtualKeyboard/Plugins/Thai/plugins.qmltypes
0de1391fc5e32b8aa0ff58a645952b9a0caa29253193885203961ff9f29a7121	286	other	/home/rootitanium/qml/QtQuick/VirtualKeyboard/Plugins/Thai/qmldir
4a35fb343b9517286c37fa9316e9d17ab466c9c5e7d2e4a1c92faf527d3fe312	67240	elf	/home/rootitanium/qml/QtQuick/VirtualKeyboard/Plugins/libqtvkbpluginsplugin.so
ae1fd6be798c0354357b7129980fda715334986f1013923308840730fff99a2b	513	other	/home/rootitanium/qml/QtQuick/VirtualKeyboard/Plugins/qmldir
a96c7bf5832767bdc9d91e2290a3920aec3abfbf2e3814bce38b49483f16f84a	215	other	/home/rootitanium/qml/QtQuick/VirtualKeyboard/Plugins/qtvkbpluginsplugin.qmltypes
5cf6d0b575d281e88591f13bace14187f38e05f8000e84b3e02254e21629a27b	67240	elf	/home/rootitanium/qml/QtQuick/VirtualKeyboard/Settings/libqtvkbsettingsplugin.so
6962bf441bbea097b079ee8551682b0f2579af8485560d435d5206ad63243a1f	7308	other	/home/rootitanium/qml/QtQuick/VirtualKeyboard/Settings/plugins.qmltypes
e4ce7f456ab5cf2fd0e7787ed1256b726c99aab17e9a72d5322aef8b89779132	261	other	/home/rootitanium/qml/QtQuick/VirtualKeyboard/Settings/qmldir
25e974533cee5a7a5f2b2ef71ededdd3d7b5d3c0a983647682a9a129118a07b5	394920	elf	/home/rootitanium/qml/QtQuick/VirtualKeyboard/Styles/Builtin/libqtvkbbuiltinstylesplugin.so
a96c7bf5832767bdc9d91e2290a3920aec3abfbf2e3814bce38b49483f16f84a	215	other	/home/rootitanium/qml/QtQuick/VirtualKeyboard/Styles/Builtin/plugins.qmltypes
892a70fec5437a7f86e1f01bfc37e6d3423a735edc4b260533bb7f04f15c07d1	270	other	/home/rootitanium/qml/QtQuick/VirtualKeyboard/Styles/Builtin/qmldir
6b28e88f7bb32de49700f1b329f26562c01f3c1b1b5326aeabeed6faeade38e1	1304	other	/home/rootitanium/qml/QtQuick/VirtualKeyboard/Styles/KeyIcon.qml
f03becaf68c10db6be0e0f6582bd5435713e7dce1f4ec06fb8e20ee89400670c	2358	other	/home/rootitanium/qml/QtQuick/VirtualKeyboard/Styles/KeyPanel.qml
035bb02abd3bed2df029666f82982b5cbe42906442ecdfcbad80db52d42b3e37	16150	other	/home/rootitanium/qml/QtQuick/VirtualKeyboard/Styles/KeyboardStyle.qml
1fbdaae227860a6a12166476237d43ce7b026c80003238720eb6f2f2a2978fac	1231	other	/home/rootitanium/qml/QtQuick/VirtualKeyboard/Styles/SelectionListItem.qml
0835a159fbe4c9bdf5fca314bfb14abd164c6e72110bcc9f1594973ced112c79	5252	other	/home/rootitanium/qml/QtQuick/VirtualKeyboard/Styles/TraceCanvas.qml
79a54ef937e42fda787f1f0f81d1ba2d2050c32b0f5c8eea58918b7c5570415e	1072	other	/home/rootitanium/qml/QtQuick/VirtualKeyboard/Styles/TraceInputKeyPanel.qml
9a9a113108c3189417703041606c6f85245a546660e8d6db224ad06e4e26b4b5	1638	other	/home/rootitanium/qml/QtQuick/VirtualKeyboard/Styles/TraceUtils.js
5545136aa60cb71e9923a3c108320de29158d1ee2e9736d28bcf86031206e53d	132776	elf	/home/rootitanium/qml/QtQuick/VirtualKeyboard/Styles/libqtvkbstylesplugin.so
a96c7bf5832767bdc9d91e2290a3920aec3abfbf2e3814bce38b49483f16f84a	215	other	/home/rootitanium/qml/QtQuick/VirtualKeyboard/Styles/plugins.qmltypes
c2daf76e79adbe1a1c6757f25f66b2e4d38f959526e45624d6af91fca14bcda0	1032	other	/home/rootitanium/qml/QtQuick/VirtualKeyboard/Styles/qmldir
c743a2e1a7566f84bf5804dd06ba438bebfdd491641b768f914ee94f6d212cc0	43862	other	/home/rootitanium/qml/QtQuick/VirtualKeyboard/Styles/rt/style.qml
2683532b89d235ba6e19bb8776bd3000754abcfc36a321f5e4eeb33a482f5621	67240	elf	/home/rootitanium/qml/QtQuick/VirtualKeyboard/libqtvkbplugin.so
4535205ee3e20704d4999fa81f9359e3e8d75e13772fd48ac0fb9d287b8c7652	37146	other	/home/rootitanium/qml/QtQuick/VirtualKeyboard/plugins.qmltypes
a562e1f1594aec478e0b3863c41acc3d45007ca4757ea99718b27c04bbd16264	846	other	/home/rootitanium/qml/QtQuick/VirtualKeyboard/qmldir
2179e3b07c28b7aa9b86ce0e6174f83ab5afbedcac19452bdc01f9c958ef08bb	9992	elf	/home/rootitanium/qml/QtQuick/Window/libquickwindowplugin.so
c0509023b1bcce5f27262aa84f3a6016fb188971fecc58eea98b897a9aa42eb5	205	other	/home/rootitanium/qml/QtQuick/Window/qmldir
a96c7bf5832767bdc9d91e2290a3920aec3abfbf2e3814bce38b49483f16f84a	215	other	/home/rootitanium/qml/QtQuick/Window/quickwindow.qmltypes
0fed3347322d8fd37b7b537e89c010f2e134c51909d2aa758091c41d85abe795	9988	elf	/home/rootitanium/qml/QtQuick/libqtquick2plugin.so
ba17e9b0d98cbde7107bac90f19ac1696c60eca0c263ced4da3f2934d9b702c6	540114	other	/home/rootitanium/qml/QtQuick/plugins.qmltypes
c2fa2b26d9f8094c6eeb6ff924b18088ddcd512e133524e55b13fa3e5e70350b	206	other	/home/rootitanium/qml/QtQuick/qmldir
106a2ac62c3f4e02cdc49fb17fc8c77e1ced04fcc8e35ccf8f8388b0cb310bd8	1176	other	/home/rootitanium/qml/QtQuick/tooling/Component.qml
ff78334d79db1b19f8bac5f94f5026b5e1a5cbb73580cc44be2b31a625d97312	313	other	/home/rootitanium/qml/QtQuick/tooling/Enum.qml
f926beb43452bc42e70465f6028e078b06e5faa693666c8223f27471ba2dcf45	204	other	/home/rootitanium/qml/QtQuick/tooling/Member.qml
436663498bef3c88759573a7b7872de8053d8c7392ea5fe66bcf7122ec62b51b	492	other	/home/rootitanium/qml/QtQuick/tooling/Method.qml
bb6355c6e61ccbcb6d0384dd55967052da8b6f09e86b5588c3a1ec6008b83d11	261	other	/home/rootitanium/qml/QtQuick/tooling/Module.qml
6690cede0da282dcc36656663ea648b1a1d102b5002d1d020d17732225ee9417	323	other	/home/rootitanium/qml/QtQuick/tooling/Parameter.qml
9f1d8487f0be78b400a2fd2aec2be4a7afb4ad6f5691d4c33dc3a5e53e7507a9	623	other	/home/rootitanium/qml/QtQuick/tooling/Property.qml
30951c5ba0e4712dc55ec1ff6f67b825a4ec2c3522d470a633bf728a79bf5c5b	304	other	/home/rootitanium/qml/QtQuick/tooling/Signal.qml
6007b44f38f8f8e8108f81543aff218a9efe5b14413e0a62d2dba631f731f067	30472	elf	/home/rootitanium/qml/QtQuick/tooling/libquicktoolingplugin.so
514a5e9b9bbe55eebe4fd1f14868176bf2bc973906fb5fca30c7dd6fccc9dab1	567	other	/home/rootitanium/qml/QtQuick/tooling/qmldir
a96c7bf5832767bdc9d91e2290a3920aec3abfbf2e3814bce38b49483f16f84a	215	other	/home/rootitanium/qml/QtQuick/tooling/quicktooling.qmltypes
48fd387a1bce85943b8a00300dcafcdf228b9ad4e27d18fad9601d01fe3f8b1e	9960	elf	/home/rootitanium/qml/QtWebChannel/libwebchannelquickplugin.so
a347a65fcd6cd51cccb42ff4616d657d7fe98631d067fdc5df47885fb39e095a	3573	other	/home/rootitanium/qml/QtWebChannel/plugins.qmltypes
be66d8fe51a5a983116529b0093cc0ad57218a7525fcf65d51a5c3e8ddbe35ee	198	other	/home/rootitanium/qml/QtWebChannel/qmldir
5cb8469aeb386c0880d350c89d90b24f6c1fadfdfb38e69ee80d69a6a30629bb	1419	other	/home/rootitanium/qml/QtWebEngine/ControlsDelegates/AlertDialog.qml
278457c9fc30e45eac626d771ce25790c2371fd5f27d61388d6411f8a65eb0bb	2410	other	/home/rootitanium/qml/QtWebEngine/ControlsDelegates/AuthenticationDialog.qml
be83a1cd5c4218cb488a9de08f981dfcbde75c010c43da76ccea8f5f2cc04623	931	other	/home/rootitanium/qml/QtWebEngine/ControlsDelegates/AutofillPopup.qml
df2d7cb5870b8f0215528c3ca41a49b53b3596c670eca36e2a38f74c7aa25e2f	319	other	/home/rootitanium/qml/QtWebEngine/ControlsDelegates/ColorDialog.qml
0e30a323699a8770540f8698232883e729777b1f23e372c29b04a0bb74827539	1594	other	/home/rootitanium/qml/QtWebEngine/ControlsDelegates/ConfirmDialog.qml
7fcf50250577b193c4b491dc5cf5a06fd034d97198e6b220feeee9f2bcbceac5	343	other	/home/rootitanium/qml/QtWebEngine/ControlsDelegates/DirectoryPicker.qml
1684cdc4ea81aacf4c786974c14b8182e0240e156b27afdf16c8a3b542635c42	334	other	/home/rootitanium/qml/QtWebEngine/ControlsDelegates/FilePicker.qml
f330fe678e7037eb64d70f29bf2a153a39829b8dac5bac0c247884ea8ba657df	558	other	/home/rootitanium/qml/QtWebEngine/ControlsDelegates/Menu.qml
25585a58037b8c2368aaa0bfb6048a904cc8fcc935323372fee02f6f9fe8e353	205	other	/home/rootitanium/qml/QtWebEngine/ControlsDelegates/MenuItem.qml
5c14cff7deaf0d04bad040aa1178467eef367967710f551c5989b4cb92dd88a1	180	other	/home/rootitanium/qml/QtWebEngine/ControlsDelegates/MenuSeparator.qml
2b60217b2a376f430daa6aab71bdb95407ecf1932ecfb9ef2038c14eba3421ef	1646	other	/home/rootitanium/qml/QtWebEngine/ControlsDelegates/PromptDialog.qml
fd255edf45f63379ebbfa58d68364c80a2092e4ee6be31014a515cfb6d51eee0	249	other	/home/rootitanium/qml/QtWebEngine/ControlsDelegates/ToolTip.qml
82b57d102b05e3a65ee29b367f7b9665ba34fc4407d0741de63c0b9537bcc3bf	171	other	/home/rootitanium/qml/QtWebEngine/ControlsDelegates/TouchHandle.qml
8585de713927e916ab6ddb06be79321eb5572278f94d2d9a4cb9d157ab673e7b	3618	other	/home/rootitanium/qml/QtWebEngine/ControlsDelegates/TouchSelectionMenu.qml
a96c7bf5832767bdc9d91e2290a3920aec3abfbf2e3814bce38b49483f16f84a	215	other	/home/rootitanium/qml/QtWebEngine/ControlsDelegates/WebEngineQuickDelegatesQml.qmltypes
5465ae97bf49413f6b8dbe05cbc3f7580e315307ab61b5e85096410dd6c3bfdf	67240	elf	/home/rootitanium/qml/QtWebEngine/ControlsDelegates/libqtwebenginequickdelegatesplugin.so
bd776cd7c8d543b09dfc2c81c86a779f5c67c4085f64de8a01e8f3c7745ea59e	1257	other	/home/rootitanium/qml/QtWebEngine/ControlsDelegates/qmldir
8604b87a7fe50910fdedd4dd402bea99b4d5f64fb3f133956ade02d8babe96b9	67240	elf	/home/rootitanium/qml/QtWebEngine/libqtwebenginequickplugin.so
da2030ed85c6c65fc617e241c7b8f383e853bccdd6e803017ff2c9c397a844f3	108711	other	/home/rootitanium/qml/QtWebEngine/plugins.qmltypes
3982bc93b082e215983eab6d85c67c9be09dc74fa1425fa1c0113e4bcd14f685	251	other	/home/rootitanium/qml/QtWebEngine/qmldir
8762d1613f484b33a9496618bf2255951c06887897d0aca4b46c0c4e5210605f	39204	elf	/home/rootitanium/qml/QtWebSockets/libqmlwebsocketsplugin.so
15890741a8e0d9195b9f59e5893124ed09c982c4dfa5b2be728421778e63a4d1	3496	other	/home/rootitanium/qml/QtWebSockets/plugins.qmltypes
7750268426f0c51bcb3a5172c5f426784b4377d078fa6cdadb0013b8711646b3	190	other	/home/rootitanium/qml/QtWebSockets/qmldir
c38af33178b5a9e05fe6390f9b15c855f779a703f5d563ce99d83e4f5ef84d61	114	other	/home/rootitanium/qt.conf
7bf96c193befbf23514401f8f6568076450ade52dd1595b85e4dfcf3de5f6fb9	10717680	other	/home/rootitanium/resources/icudtl.dat
834ed0d65a713ff422346763d221e2157b648bac596b433f416d36f7c61927b8	2293830	other	/home/rootitanium/resources/qtwebengine_resources.pak
e1b7cd89be8eaa8a3ccef0f67fa983a8708da44da268a373ae67b48c68236f97	169200	other	/home/rootitanium/resources/qtwebengine_resources_100p.pak
d039e41e7828c141949adcedda636c8e156dcd413813106dfc318bde60fc925a	236441	other	/home/rootitanium/resources/qtwebengine_resources_200p.pak
15d2047ec5c31ca70452f269a1ad76f6a4ad90759b96c5aef7c01aa30d2906e3	680968	other	/home/rootitanium/resources/v8_context_snapshot.bin
86dacb423fad188d6b1f6b422c8db78b5b0fe8772093bbdd8cf772ab208a45e0	34333	other	/home/rootitanium/rootitanium.png
2668802bdf38d5a48a083714a9526d104dcd67d70fa82b347b12bcf477d5d18f	7039	script	/home/rootitanium/run.sh
be90da9e6a2ade279617e428f7c23523c89fee287fed597b1699eb8c2da3b983	260801	other	/home/rootitanium/test.qml
54e99d3bd47ec05df16188edb330fe145f9927000848e62272ab0f235336e07f	68368	elf	/home/rootitanium/webengine-smoke
fa10004dc71efe2e2b57f784a304e020e3cd168678c9178f00bfa37a1761049e	69840	elf	/usr/bin/harbour-rootitanium
e6ed311a98284572d6736ea296d21956648b2f260d395533099cd760de90b26f	1504	other	/usr/share/applications/harbour-rootitanium.desktop
f969ce5d9f468fa004ae80b61bf5ee0e531dc2234a70a182e1f09daaad9a2226	16469	other	/usr/share/icons/hicolor/108x108/apps/harbour-rootitanium.png
e5d3a679494c5f4a47db6a40235fdfd576c074b7254823b14df489ea0c5e3fa5	21644	other	/usr/share/icons/hicolor/128x128/apps/harbour-rootitanium.png
86dacb423fad188d6b1f6b422c8db78b5b0fe8772093bbdd8cf772ab208a45e0	34333	other	/usr/share/icons/hicolor/172x172/apps/harbour-rootitanium.png
17c2950fa5f2a0afbc8cf4ec77b1107111c937cc003f61cb7a06020bb4e422eb	11496	other	/usr/share/icons/hicolor/86x86/apps/harbour-rootitanium.png
3972dc9744f6499f0f9b2dbf76696f2ae7ad8af9b23dde66d6af86c9dfb36986	35149	other	/usr/share/licenses/harbour-rootitanium/LICENSE
f592de0bb83a73d9e283f667bae44d96717840fae5dae9f99a57b01797bdf6b0	6723	other	/usr/share/licenses/harbour-rootitanium/NOTICE.md
